Workbook

Sheet 00_使用说明
A1: 团队成员年度学习计划模板 - 使用说明 V1.3
A2: 基于能力胜任模型，完成能力自评、差距识别、年度学习计划制定与执行跟踪
A4: 一、这个模板用于什么 | D4: 二、掌握度评分标准
A5: 用途 | B5: 帮助团队成员基于能力模型识别需要补充的能力项，选择学习材料，制定 1 年周期、可跟踪、可验收的学习计划。 | D5: 掌握度 | E5: 说明 | F5: 职级参考
A6: 适用对象 | B6: 技术架构与开发专业线成员；当前能力模型覆盖 P01 Data Infra、P02 AI Infra / Agent、P03 Coding、C01 基本办公、C02 沟通协作、C03 学习创新。 | D6: 0 | E6: 未接触 / 不具备可验证输出 | F6: -
A7: 核心原则 | B7: 以“三级能力项”为计划和跟踪的最小单元；学习结果应尽量有实操、Demo、脚本、配置截图、验证报告或可检查文档。 | D7: 1 | E7: 了解概念，需要他人指导或协助 | F7: 入门
D8: 2 | E8: 标准场景可独立执行，有基础实操输出 | F8: P4
D9: 3 | E9: 能处理常见问题，能闭环基础异常 | F9: P5
D10: 4 | E10: 能设计方案、组织实施并处理复杂场景 | F10: P6
D11: 5 | E11: 能主导复杂项目，沉淀规范、模板和方法论 | F11: P7-P8
A13: 三、填写流程
A14: 步骤 | B14: 操作位置 | C14: 填写 / 查看内容 | D14: 结果
A15: 1 | B15: 02_能力差距自评 | C15: 填写当前掌握度、目标掌握度、优先级；将“是否纳入计划”选择为“是”。 | D15: 选出年度需要补齐的能力范围。
A16: 2 | B16: 03_年度学习计划 | C16: 自动拉取 02 中入选能力项；手填计划开始、计划截止、目标月份等计划信息。 | D16: 形成年度学习计划清单。
A17: 3 | B17: 04_学习执行跟踪 | C17: 自动同步 03 的计划项；维护执行状态、实际开始 / 完成、实际耗时、证据链接、完成质量、复盘结论和下步动作。 | D17: 形成学习执行记录和年度成长档案。
A18: 4 | B18: 05_月度复盘 | C18: 按月查看计划数、完成数、完成率、耗时和复盘记录。 | D18: 形成月度复盘与改进闭环。
A20: 四、02 → 03 → 04 的关系
A21: 02_能力差距自评 | B21: 选择需要补齐的三级能力项；不要在 02 中写详细执行记录。
A22: 03_年度学习计划 | B22: 自动生成年度计划清单；用于安排年度 / 季度 / 月度节奏。
A23: 04_学习执行跟踪 | B23: 与 03 一对一同步，不再拆分更细任务；用于记录执行状态、证据、完成质量和复盘结论。
A25: 五、完成判定
A26: 基本判定 | B26: 一条学习计划建议同时满足：状态为“已完成”；有证据链接或文件说明；有复盘结论；如未产出可检查材料，不建议判定为完成。
A27: 维护建议 | B27: 先尽量固定 02/03 年度计划范围，再进入 04 跟踪执行；如中途大幅调整 02 的入选范围，需复核 04 中手填状态和证据是否仍对应正确能力项。

Sheet 01_学习计划看板
A1: 个人年度学习计划看板
A3: 成员姓名 | D3: 月份 | E3: 计划任务数 | F3: 完成任务数 | G3: 完成率 | H3: 实际耗时(h)
A4: 当前职级 | D4: 第1月 | E4: ='05_月度复盘'!B2 -> 0 | F4: ='05_月度复盘'!C2 -> 0 | G4: ='05_月度复盘'!D2 -> 0 | H4: ='05_月度复盘'!F2 -> 0
A5: 目标职级 | D5: 第2月 | E5: ='05_月度复盘'!B3 -> 0 | F5: ='05_月度复盘'!C3 -> 0 | G5: ='05_月度复盘'!D3 -> 0 | H5: ='05_月度复盘'!F3 -> 0
A6: 计划开始日期 | D6: 第3月 | E6: ='05_月度复盘'!B4 -> 0 | F6: ='05_月度复盘'!C4 -> 0 | G6: ='05_月度复盘'!D4 -> 0 | H6: ='05_月度复盘'!F4 -> 0
A7: 计划周期 | B7: 12个月 | D7: 第4月 | E7: ='05_月度复盘'!B5 -> 0 | F7: ='05_月度复盘'!C5 -> 0 | G7: ='05_月度复盘'!D5 -> 0 | H7: ='05_月度复盘'!F5 -> 0
D8: 第5月 | E8: ='05_月度复盘'!B6 -> 0 | F8: ='05_月度复盘'!C6 -> 0 | G8: ='05_月度复盘'!D6 -> 0 | H8: ='05_月度复盘'!F6 -> 0
D9: 第6月 | E9: ='05_月度复盘'!B7 -> 0 | F9: ='05_月度复盘'!C7 -> 0 | G9: ='05_月度复盘'!D7 -> 0 | H9: ='05_月度复盘'!F7 -> 0
A10: 能力项总数 | B10: =COUNTA('02_能力差距自评'!F:F)-1 -> 310 | D10: 第7月 | E10: ='05_月度复盘'!B8 -> 0 | F10: ='05_月度复盘'!C8 -> 0 | G10: ='05_月度复盘'!D8 -> 0 | H10: ='05_月度复盘'!F8 -> 0
A11: 纳入计划项数 | B11: =COUNTIF('02_能力差距自评'!P:P,"是") -> 0 | D11: 第8月 | E11: ='05_月度复盘'!B9 -> 0 | F11: ='05_月度复盘'!C9 -> 0 | G11: ='05_月度复盘'!D9 -> 0 | H11: ='05_月度复盘'!F9 -> 0
A12: 年度计划任务数 | B12: =COUNTIF('03_年度学习计划'!D:D,"<>")-1 -> 349 | D12: 第9月 | E12: ='05_月度复盘'!B10 -> 0 | F12: ='05_月度复盘'!C10 -> 0 | G12: ='05_月度复盘'!D10 -> 0 | H12: ='05_月度复盘'!F10 -> 0
A13: 已完成任务数 | B13: =COUNTIFS('03_年度学习计划'!D:D,"<>",'03_年度学习计划'!O:O,"已完成") -> 0 | D13: 第10月 | E13: ='05_月度复盘'!B11 -> 0 | F13: ='05_月度复盘'!C11 -> 0 | G13: ='05_月度复盘'!D11 -> 0 | H13: ='05_月度复盘'!F11 -> 0
A14: 任务完成率 | B14: =IFERROR(B13/B12,0) -> 0 | D14: 第11月 | E14: ='05_月度复盘'!B12 -> 0 | F14: ='05_月度复盘'!C12 -> 0 | G14: ='05_月度复盘'!D12 -> 0 | H14: ='05_月度复盘'!F12 -> 0
A15: 计划耗时(h) | B15: =SUM('03_年度学习计划'!M:M) -> 0 | D15: 第12月 | E15: ='05_月度复盘'!B13 -> 0 | F15: ='05_月度复盘'!C13 -> 0 | G15: ='05_月度复盘'!D13 -> 0 | H15: ='05_月度复盘'!F13 -> 0
A16: 实际耗时(h) | B16: =SUM('03_年度学习计划'!N:N) -> 0
A19: 一级能力域 | B19: 纳入计划项数 | C19: 高优先级 | D19: 已完成 | E19: 备注
A20: P01 Data Infra | B20: =COUNTIFS('02_能力差距自评'!B:B,"P01",'02_能力差距自评'!P:P,"是") -> 0 | C20: =COUNTIFS('02_能力差距自评'!B:B,"P01",'02_能力差距自评'!O:O,"高") -> 0 | D20: =COUNTIFS('02_能力差距自评'!B:B,"P01",'02_能力差距自评'!S:S,"已完成") -> 0
A21: P02 AI Infra / Agent | B21: =COUNTIFS('02_能力差距自评'!B:B,"P02",'02_能力差距自评'!P:P,"是") -> 0 | C21: =COUNTIFS('02_能力差距自评'!B:B,"P02",'02_能力差距自评'!O:O,"高") -> 0 | D21: =COUNTIFS('02_能力差距自评'!B:B,"P02",'02_能力差距自评'!S:S,"已完成") -> 0
A22: P03 Coding | B22: =COUNTIFS('02_能力差距自评'!B:B,"P03",'02_能力差距自评'!P:P,"是") -> 0 | C22: =COUNTIFS('02_能力差距自评'!B:B,"P03",'02_能力差距自评'!O:O,"高") -> 0 | D22: =COUNTIFS('02_能力差距自评'!B:B,"P03",'02_能力差距自评'!S:S,"已完成") -> 0
A23: C01 基本办公 | B23: =COUNTIFS('02_能力差距自评'!B:B,"C01",'02_能力差距自评'!P:P,"是") -> 0 | C23: =COUNTIFS('02_能力差距自评'!B:B,"C01",'02_能力差距自评'!O:O,"高") -> 0 | D23: =COUNTIFS('02_能力差距自评'!B:B,"C01",'02_能力差距自评'!S:S,"已完成") -> 0
A24: C02 沟通协作 | B24: =COUNTIFS('02_能力差距自评'!B:B,"C02",'02_能力差距自评'!P:P,"是") -> 0 | C24: =COUNTIFS('02_能力差距自评'!B:B,"C02",'02_能力差距自评'!O:O,"高") -> 0 | D24: =COUNTIFS('02_能力差距自评'!B:B,"C02",'02_能力差距自评'!S:S,"已完成") -> 0
A25: C03 学习创新 | B25: =COUNTIFS('02_能力差距自评'!B:B,"C03",'02_能力差距自评'!P:P,"是") -> 0 | C25: =COUNTIFS('02_能力差距自评'!B:B,"C03",'02_能力差距自评'!O:O,"高") -> 0 | D25: =COUNTIFS('02_能力差距自评'!B:B,"C03",'02_能力差距自评'!S:S,"已完成") -> 0

Sheet 02_能力差距自评
A1: 能力类别 | B1: 一级序号 | C1: 一级能力域 | D1: 二级序号 | E1: 二级能力项 | F1: 三级序号 | G1: 三级能力项 | H1: 建议起始职级 | I1: 学习材料 | J1: 预期输出 / 验收方式 | K1: 预计耗时(h) | L1: 当前掌握度(0-5) | M1: 目标掌握度(0-5) | N1: 差距 | O1: 优先级 | P1: 是否纳入计划 | Q1: 计划季度 | R1: 计划完成月份 | S1: 完成状态 | T1: 实际输出链接/说明 | U1: 备注 | V1: 推荐行动 | W1: 入选顺序(自动)
A2: 专业能力 | B2: P01 | C2: Data Infra 能力 | D2: P01.01 | E2: Data Infra 产品体系认知 | F2: P01.01.01 | G2: TDC / TDH / ArgoDB / TDS 产品定位 | H2: P4 | I2: P01-M001 | J2: 在测试环境分别访问 TDC、TDH、ArgoDB、TDS，识别产品入口、核心菜单、核心组件；提交产品访问截图、四个产品一句话定位和产品体系脑图。 | K2: 4–6 | N2: =IF(OR(L2="",M2=""),"",MAX(0,M2-L2)) | S2: 未开始 | V2: =IF(N2="","",IF(N2>=3,"年度重点专项",IF(N2=2,"季度重点补齐",IF(N2=1,"月度常规提升","保持观察/可做分享")))) | W2: =IF($P2="是",COUNTIF($P$2:$P2,"是"),"")
A3: 专业能力 | B3: P01 | C3: Data Infra 能力 | D3: P01.01 | E3: Data Infra 产品体系认知 | F3: P01.01.02 | G3: 产品边界与核心能力识别 | H3: P4 | I3: P01-M001 | J3: 基于真实或模拟环境梳理各产品核心能力边界；提交“产品-能力-场景”映射表，至少覆盖数据开发、治理、数据库、平台纳管、湖仓场景。 | K3: 4–8 | N3: =IF(OR(L3="",M3=""),"",MAX(0,M3-L3)) | S3: 未开始 | V3: =IF(N3="","",IF(N3>=3,"年度重点专项",IF(N3=2,"季度重点补齐",IF(N3=1,"月度常规提升","保持观察/可做分享")))) | W3: =IF($P3="是",COUNTIF($P$2:$P3,"是"),"")
A4: 专业能力 | B4: P01 | C4: Data Infra 能力 | D4: P01.01 | E4: Data Infra 产品体系认知 | F4: P01.01.03 | G4: 产品组合关系理解 | H4: P5 | I4: P01-M001、P01-M007 | J4: 基于一套测试部署环境绘制 TDC + TDH + ArgoDB + TDS 组合拓扑图，标注访问入口、依赖关系、数据流向和典型调用关系。 | K4: 6–10 | N4: =IF(OR(L4="",M4=""),"",MAX(0,M4-L4)) | S4: 未开始 | V4: =IF(N4="","",IF(N4>=3,"年度重点专项",IF(N4=2,"季度重点补齐",IF(N4=1,"月度常规提升","保持观察/可做分享")))) | W4: =IF($P4="是",COUNTIF($P$2:$P4,"是"),"")
A5: 专业能力 | B5: P01 | C5: Data Infra 能力 | D5: P01.01 | E5: Data Infra 产品体系认知 | F5: P01.01.04 | G5: 客户场景与产品适配判断 | H5: P6 | I5: P01-M001 | J5: 选择一个典型客户场景，输出产品组合建议、适用边界、不适用边界和风险点；可附最小验证 Demo 或客户案例说明。 | K5: 8–12 | N5: =IF(OR(L5="",M5=""),"",MAX(0,M5-L5)) | S5: 未开始 | V5: =IF(N5="","",IF(N5>=3,"年度重点专项",IF(N5=2,"季度重点补齐",IF(N5=1,"月度常规提升","保持观察/可做分享")))) | W5: =IF($P5="是",COUNTIF($P$2:$P5,"是"),"")
A6: 专业能力 | B6: P01 | C6: Data Infra 能力 | D6: P01.01 | E6: Data Infra 产品体系认知 | F6: P01.01.05 | G6: 产品体系方法论沉淀 | H6: P8 | I6: P01-M001、P01-M011 | J6: 汇总多个项目或 Demo 经验，沉淀 Data Infra 产品选型标准、培训课件、方案模板和评审检查清单。 | K6: 16–24 | N6: =IF(OR(L6="",M6=""),"",MAX(0,M6-L6)) | S6: 未开始 | U6: 偏 P8 体系化输出 | V6: =IF(N6="","",IF(N6>=3,"年度重点专项",IF(N6=2,"季度重点补齐",IF(N6=1,"月度常规提升","保持观察/可做分享")))) | W6: =IF($P6="是",COUNTIF($P$2:$P6,"是"),"")
A7: 专业能力 | B7: P01 | C7: Data Infra 能力 | D7: P01.02 | E7: TDH 平台与大数据组件能力 | F7: P01.02.01 | G7: TDH 环境检查与安装准备 | H7: P4 | I7: P01-M002 | J7: 在独立服务器或测试集群完成 OS、磁盘、IP、主机名、端口、安装包、时间同步检查；提交环境检查表、问题整改记录和安装前确认清单。 | K7: 6–10 | N7: =IF(OR(L7="",M7=""),"",MAX(0,M7-L7)) | S7: 未开始 | V7: =IF(N7="","",IF(N7>=3,"年度重点专项",IF(N7=2,"季度重点补齐",IF(N7=1,"月度常规提升","保持观察/可做分享")))) | W7: =IF($P7="是",COUNTIF($P$2:$P7,"是"),"")
A8: 专业能力 | B8: P01 | C8: Data Infra 能力 | D8: P01.02 | E8: TDH 平台与大数据组件能力 | F8: P01.02.02 | G8: TDH 标准部署与基础配置 | H8: P4 | I8: P01-M002 | J8: 在客户正式环境或等价测试环境完成 TDH 标准部署、基础配置和服务启动；提交部署记录、部署截图、基础配置说明和问题清单。 | K8: 24–40 | N8: =IF(OR(L8="",M8=""),"",MAX(0,M8-L8)) | S8: 未开始 | U8: P4 核心验收项 | V8: =IF(N8="","",IF(N8>=3,"年度重点专项",IF(N8=2,"季度重点补齐",IF(N8=1,"月度常规提升","保持观察/可做分享")))) | W8: =IF($P8="是",COUNTIF($P$2:$P8,"是"),"")
A9: 专业能力 | B9: P01 | C9: Data Infra 能力 | D9: P01.02 | E9: TDH 平台与大数据组件能力 | F9: P01.02.03 | G9: TDH Manager 使用与集群管理 | H9: P4 | I9: P01-M002 | J9: 完成 Manager 登录、服务状态查看、服务启停、配置变更、告警查看和基础操作；提交操作截图、状态截图和操作说明。 | K9: 6–10 | N9: =IF(OR(L9="",M9=""),"",MAX(0,M9-L9)) | S9: 未开始 | V9: =IF(N9="","",IF(N9>=3,"年度重点专项",IF(N9=2,"季度重点补齐",IF(N9=1,"月度常规提升","保持观察/可做分享")))) | W9: =IF($P9="是",COUNTIF($P$2:$P9,"是"),"")
A10: 专业能力 | B10: P01 | C10: Data Infra 能力 | D10: P01.02 | E10: TDH 平台与大数据组件能力 | F10: P01.02.04 | G10: HDFS / YARN / ZK / Kafka 基础组件认知与验证 | H10: P4 | I10: P01-M002 | J10: 在 TDH 环境完成 HDFS 文件上传 / 查看、YARN 任务或队列查看、ZK / Kafka 服务状态检查；提交组件验证截图和组件作用说明。 | K10: 8–12 | N10: =IF(OR(L10="",M10=""),"",MAX(0,M10-L10)) | S10: 未开始 | V10: =IF(N10="","",IF(N10>=3,"年度重点专项",IF(N10=2,"季度重点补齐",IF(N10=1,"月度常规提升","保持观察/可做分享")))) | W10: =IF($P10="是",COUNTIF($P$2:$P10,"是"),"")
A11: 专业能力 | B11: P01 | C11: Data Infra 能力 | D11: P01.02 | E11: TDH 平台与大数据组件能力 | F11: P01.02.05 | G11: Inceptor / Hyperbase / Scope / Slipstream 等组件认知与验证 | H11: P4–P5 | I11: P01-M002 | J11: 至少选择 2 个组件完成启动状态检查、连接访问或基础查询 / 任务验证；提交组件能力对照表、验证截图和场景说明。 | K11: 10–16 | N11: =IF(OR(L11="",M11=""),"",MAX(0,M11-L11)) | S11: 未开始 | V11: =IF(N11="","",IF(N11>=3,"年度重点专项",IF(N11=2,"季度重点补齐",IF(N11=1,"月度常规提升","保持观察/可做分享")))) | W11: =IF($P11="是",COUNTIF($P$2:$P11,"是"),"")
A12: 专业能力 | B12: P01 | C12: Data Infra 能力 | D12: P01.02 | E12: TDH 平台与大数据组件能力 | F12: P01.02.06 | G12: TDH 组件验证与常见问题排查 | H12: P5 | I12: P01-M002 | J12: 基于部署或运维过程处理至少 2 类常见问题，如服务异常、配置错误、资源不足、连接失败；提交问题现象、日志定位、处理步骤和恢复结果。 | K12: 12–20 | N12: =IF(OR(L12="",M12=""),"",MAX(0,M12-L12)) | S12: 未开始 | V12: =IF(N12="","",IF(N12>=3,"年度重点专项",IF(N12=2,"季度重点补齐",IF(N12=1,"月度常规提升","保持观察/可做分享")))) | W12: =IF($P12="是",COUNTIF($P$2:$P12,"是"),"")
A13: 专业能力 | B13: P01 | C13: Data Infra 能力 | D13: P01.02 | E13: TDH 平台与大数据组件能力 | F13: P01.02.07 | G13: TDH 角色规划、磁盘规划、资源规划 | H13: P6 | I13: P01-M002、P01-M009 | J13: 基于给定服务器清单设计 TDH 角色规划、磁盘分区、资源分配和部署规划；提交规划表、架构图和设计理由。 | K13: 16–24 | N13: =IF(OR(L13="",M13=""),"",MAX(0,M13-L13)) | S13: 未开始 | V13: =IF(N13="","",IF(N13>=3,"年度重点专项",IF(N13=2,"季度重点补齐",IF(N13=1,"月度常规提升","保持观察/可做分享")))) | W13: =IF($P13="是",COUNTIF($P$2:$P13,"是"),"")
A14: 专业能力 | B14: P01 | C14: Data Infra 能力 | D14: P01.02 | E14: TDH 平台与大数据组件能力 | F14: P01.02.08 | G14: TDH 部署规范与最佳实践沉淀 | H14: P7–P8 | I14: P01-M002、P01-M011 | J14: 基于多次部署经验沉淀 TDH 部署规范、检查清单、巡检标准、常见问题库和培训材料。 | K14: 16–32 | N14: =IF(OR(L14="",M14=""),"",MAX(0,M14-L14)) | S14: 未开始 | V14: =IF(N14="","",IF(N14>=3,"年度重点专项",IF(N14=2,"季度重点补齐",IF(N14=1,"月度常规提升","保持观察/可做分享")))) | W14: =IF($P14="是",COUNTIF($P$2:$P14,"是"),"")
A15: 专业能力 | B15: P01 | C15: Data Infra 能力 | D15: P01.03 | E15: TDC 多租户数据平台能力 | F15: P01.03.01 | G15: TDC 基础概念：租户、用户、Namespace、系统服务 | H15: P4 | I15: P01-M003 | J15: 在 TDC 环境中识别租户、用户、Namespace、系统服务、产品实例等对象；提交概念关系图、页面截图和对象说明。 | K15: 4–8 | N15: =IF(OR(L15="",M15=""),"",MAX(0,M15-L15)) | S15: 未开始 | V15: =IF(N15="","",IF(N15>=3,"年度重点专项",IF(N15=2,"季度重点补齐",IF(N15=1,"月度常规提升","保持观察/可做分享")))) | W15: =IF($P15="是",COUNTIF($P$2:$P15,"是"),"")
A16: 专业能力 | B16: P01 | C16: Data Infra 能力 | D16: P01.03 | E16: TDC 多租户数据平台能力 | F16: P01.03.02 | G16: TDC 标准部署与基础验证 | H16: P4 | I16: P01-M003 | J16: 在独立服务器或测试集群完成 TDC 标准部署和基础验证；提交部署记录、基础服务状态截图、验证清单和问题记录。 | K16: 24–40 | N16: =IF(OR(L16="",M16=""),"",MAX(0,M16-L16)) | S16: 未开始 | U16: P4 核心验收项 | V16: =IF(N16="","",IF(N16>=3,"年度重点专项",IF(N16=2,"季度重点补齐",IF(N16=1,"月度常规提升","保持观察/可做分享")))) | W16: =IF($P16="是",COUNTIF($P$2:$P16,"是"),"")
A17: 专业能力 | B17: P01 | C17: Data Infra 能力 | D17: P01.03 | E17: TDC 多租户数据平台能力 | F17: P01.03.03 | G17: 租户创建、租户用户、权限基础配置 | H17: P4 | I17: P01-M003、P01-M010 | J17: 完成租户创建、用户加入、基础角色和权限配置，并验证租户内访问；提交配置截图、权限验证记录和操作说明。 | K17: 8–12 | N17: =IF(OR(L17="",M17=""),"",MAX(0,M17-L17)) | S17: 未开始 | V17: =IF(N17="","",IF(N17>=3,"年度重点专项",IF(N17=2,"季度重点补齐",IF(N17=1,"月度常规提升","保持观察/可做分享")))) | W17: =IF($P17="是",COUNTIF($P$2:$P17,"是"),"")
A18: 专业能力 | B18: P01 | C18: Data Infra 能力 | D18: P01.03 | E18: TDC 多租户数据平台能力 | F18: P01.03.04 | G18: 产品纳管与云产品实例配置 | H18: P4 | I18: P01-M003 | J18: 完成至少一个产品纳管或实例配置验证，如 TDH / ArgoDB / TDS 纳管；提交纳管截图、实例状态截图和访问验证记录。 | K18: 8–16 | N18: =IF(OR(L18="",M18=""),"",MAX(0,M18-L18)) | S18: 未开始 | V18: =IF(N18="","",IF(N18>=3,"年度重点专项",IF(N18=2,"季度重点补齐",IF(N18=1,"月度常规提升","保持观察/可做分享")))) | W18: =IF($P18="是",COUNTIF($P$2:$P18,"是"),"")
A19: 专业能力 | B19: P01 | C19: Data Infra 能力 | D19: P01.03 | E19: TDC 多租户数据平台能力 | F19: P01.03.05 | G19: K8s / Container / Helm Chart 基础认知与排查 | H19: P4–P5 | I19: P01-M003 | J19: 查看 Namespace、Pod、Service、Container 等资源状态，完成一次基础问题定位或状态解释；提交命令输出、截图和排查说明。 | K19: 8–12 | N19: =IF(OR(L19="",M19=""),"",MAX(0,M19-L19)) | S19: 未开始 | V19: =IF(N19="","",IF(N19>=3,"年度重点专项",IF(N19=2,"季度重点补齐",IF(N19=1,"月度常规提升","保持观察/可做分享")))) | W19: =IF($P19="是",COUNTIF($P$2:$P19,"是"),"")
A20: 专业能力 | B20: P01 | C20: Data Infra 能力 | D20: P01.03 | E20: TDC 多租户数据平台能力 | F20: P01.03.06 | G20: TDC Client 使用与租户内产品访问 | H20: P4–P5 | I20: P01-M003 | J20: 完成 TDC Client 初始化、环境变量配置和租户内产品访问验证；提交配置记录、连接截图和访问结果。 | K20: 6–10 | N20: =IF(OR(L20="",M20=""),"",MAX(0,M20-L20)) | S20: 未开始 | V20: =IF(N20="","",IF(N20>=3,"年度重点专项",IF(N20=2,"季度重点补齐",IF(N20=1,"月度常规提升","保持观察/可做分享")))) | W20: =IF($P20="是",COUNTIF($P$2:$P20,"是"),"")
A21: 专业能力 | B21: P01 | C21: Data Infra 能力 | D21: P01.03 | E21: TDC 多租户数据平台能力 | F21: P01.03.07 | G21: 资源隔离、共享租户、数据共享设计 | H21: P6 | I21: P01-M003、P01-M007、P01-M010 | J21: 基于总部 / 事业部或多部门场景设计租户资源隔离、共享租户和数据共享方案；提交方案图、权限矩阵和验证思路。 | K21: 16–24 | N21: =IF(OR(L21="",M21=""),"",MAX(0,M21-L21)) | S21: 未开始 | V21: =IF(N21="","",IF(N21>=3,"年度重点专项",IF(N21=2,"季度重点补齐",IF(N21=1,"月度常规提升","保持观察/可做分享")))) | W21: =IF($P21="是",COUNTIF($P$2:$P21,"是"),"")
A22: 专业能力 | B22: P01 | C22: Data Infra 能力 | D22: P01.03 | E22: TDC 多租户数据平台能力 | F22: P01.03.08 | G22: 应用上架、应用生命周期、平台治理 | H22: P6–P7 | I22: P01-M003 | J22: 完成一个应用或组件上架、启动、访问和下线流程，或输出应用上架流程方案；提交 Demo 记录、生命周期说明和风险点。 | K22: 16–24 | N22: =IF(OR(L22="",M22=""),"",MAX(0,M22-L22)) | S22: 未开始 | V22: =IF(N22="","",IF(N22>=3,"年度重点专项",IF(N22=2,"季度重点补齐",IF(N22=1,"月度常规提升","保持观察/可做分享")))) | W22: =IF($P22="是",COUNTIF($P$2:$P22,"是"),"")
A23: 专业能力 | B23: P01 | C23: Data Infra 能力 | D23: P01.03 | E23: TDC 多租户数据平台能力 | F23: P01.03.09 | G23: TDC 多租户平台方法论沉淀 | H23: P8 | I23: P01-M003、P01-M011 | J23: 沉淀 TDC 多租户平台建设方法论、租户规划模板、资源隔离最佳实践和标准交付清单。 | K23: 16–32 | N23: =IF(OR(L23="",M23=""),"",MAX(0,M23-L23)) | S23: 未开始 | V23: =IF(N23="","",IF(N23>=3,"年度重点专项",IF(N23=2,"季度重点补齐",IF(N23=1,"月度常规提升","保持观察/可做分享")))) | W23: =IF($P23="是",COUNTIF($P$2:$P23,"是"),"")
A24: 专业能力 | B24: P01 | C24: Data Infra 能力 | D24: P01.04 | E24: ArgoDB 使用与优化能力 | F24: P01.04.01 | G24: ArgoDB 安装、连接、基础架构认知 | H24: P4 | I24: P01-M004 | J24: 完成 ArgoDB 安装、客户端连接和基础架构识别；提交安装连接记录、服务状态截图和架构说明。 | K24: 8–12 | N24: =IF(OR(L24="",M24=""),"",MAX(0,M24-L24)) | S24: 未开始 | V24: =IF(N24="","",IF(N24>=3,"年度重点专项",IF(N24=2,"季度重点补齐",IF(N24=1,"月度常规提升","保持观察/可做分享")))) | W24: =IF($P24="是",COUNTIF($P$2:$P24,"是"),"")
A25: 专业能力 | B25: P01 | C25: Data Infra 能力 | D25: P01.04 | E25: ArgoDB 使用与优化能力 | F25: P01.04.02 | G25: 建库、建表、基础 SQL 查询 | H25: P4 | I25: P01-M004 | J25: 创建数据库、普通表并完成基础查询、聚合查询和简单关联查询；提交 SQL 脚本、执行截图和结果说明。 | K25: 6–10 | N25: =IF(OR(L25="",M25=""),"",MAX(0,M25-L25)) | S25: 未开始 | V25: =IF(N25="","",IF(N25>=3,"年度重点专项",IF(N25=2,"季度重点补齐",IF(N25=1,"月度常规提升","保持观察/可做分享")))) | W25: =IF($P25="是",COUNTIF($P$2:$P25,"是"),"")
A26: 专业能力 | B26: P01 | C26: Data Infra 能力 | D26: P01.04 | E26: ArgoDB 使用与优化能力 | F26: P01.04.03 | G26: 分区、分桶、表数据组织 | H26: P4 | I26: P01-M004 | J26: 创建分区表、分桶表并导入测试数据，验证分区 / 分桶查询效果；提交 DDL、SQL、执行截图和设计说明。 | K26: 8–12 | N26: =IF(OR(L26="",M26=""),"",MAX(0,M26-L26)) | S26: 未开始 | U26: P4 重点 | V26: =IF(N26="","",IF(N26>=3,"年度重点专项",IF(N26=2,"季度重点补齐",IF(N26=1,"月度常规提升","保持观察/可做分享")))) | W26: =IF($P26="是",COUNTIF($P$2:$P26,"是"),"")
A27: 专业能力 | B27: P01 | C27: Data Infra 能力 | D27: P01.04 | E27: ArgoDB 使用与优化能力 | F27: P01.04.04 | G27: 批量写入与数据导入 | H27: P4 | I27: P01-M004 | J27: 完成批量数据写入或导入，并验证数据量、字段和值正确；提交导入脚本、校验 SQL 和结果截图。 | K27: 6–10 | N27: =IF(OR(L27="",M27=""),"",MAX(0,M27-L27)) | S27: 未开始 | V27: =IF(N27="","",IF(N27>=3,"年度重点专项",IF(N27=2,"季度重点补齐",IF(N27=1,"月度常规提升","保持观察/可做分享")))) | W27: =IF($P27="是",COUNTIF($P$2:$P27,"是"),"")
A28: 专业能力 | B28: P01 | C28: Data Infra 能力 | D28: P01.04 | E28: ArgoDB 使用与优化能力 | F28: P01.04.05 | G28: 实时写入、更新、MERGE INTO | H28: P5 | I28: P01-M004 | J28: 完成实时写入、更新和 MERGE INTO 示例，并验证写入结果和变更结果；提交 SQL 脚本、执行记录和结果说明。 | K28: 10–16 | N28: =IF(OR(L28="",M28=""),"",MAX(0,M28-L28)) | S28: 未开始 | V28: =IF(N28="","",IF(N28>=3,"年度重点专项",IF(N28=2,"季度重点补齐",IF(N28=1,"月度常规提升","保持观察/可做分享")))) | W28: =IF($P28="是",COUNTIF($P$2:$P28,"是"),"")
A29: 专业能力 | B29: P01 | C29: Data Infra 能力 | D29: P01.04 | E29: ArgoDB 使用与优化能力 | F29: P01.04.06 | G29: 基础 SQL 优化与执行问题排查 | H29: P4–P5 | I29: P01-M004 | J29: 选取一个低效 SQL，完成优化前后对比，或处理一次 SQL 执行异常；提交执行计划、耗时对比和排查记录。 | K29: 8–16 | N29: =IF(OR(L29="",M29=""),"",MAX(0,M29-L29)) | S29: 未开始 | U29: 分 P4 基础优化、P5 常见问题 | V29: =IF(N29="","",IF(N29>=3,"年度重点专项",IF(N29=2,"季度重点补齐",IF(N29=1,"月度常规提升","保持观察/可做分享")))) | W29: =IF($P29="是",COUNTIF($P$2:$P29,"是"),"")
A30: 专业能力 | B30: P01 | C30: Data Infra 能力 | D30: P01.04 | E30: ArgoDB 使用与优化能力 | F30: P01.04.07 | G30: 表设计、数据模型设计与资源配置 | H30: P6 | I30: P01-M004、P01-M007 | J30: 针对一个分析场景设计表结构、分区分桶策略、数据组织和资源配置建议；提交设计文档、DDL 和验证 SQL。 | K30: 16–24 | N30: =IF(OR(L30="",M30=""),"",MAX(0,M30-L30)) | S30: 未开始 | V30: =IF(N30="","",IF(N30>=3,"年度重点专项",IF(N30=2,"季度重点补齐",IF(N30=1,"月度常规提升","保持观察/可做分享")))) | W30: =IF($P30="是",COUNTIF($P$2:$P30,"是"),"")
A31: 专业能力 | B31: P01 | C31: Data Infra 能力 | D31: P01.04 | E31: ArgoDB 使用与优化能力 | F31: P01.04.08 | G31: 实时湖仓 / OLAP / 高并发场景设计 | H31: P7 | I31: P01-M004、P01-M007、P01-M009 | J31: 基于湖仓或高并发查询场景设计 ArgoDB 架构和性能验证方案；提交架构图、压测方案、验收指标和风险点。 | K31: 24–40 | N31: =IF(OR(L31="",M31=""),"",MAX(0,M31-L31)) | S31: 未开始 | V31: =IF(N31="","",IF(N31>=3,"年度重点专项",IF(N31=2,"季度重点补齐",IF(N31=1,"月度常规提升","保持观察/可做分享")))) | W31: =IF($P31="是",COUNTIF($P$2:$P31,"是"),"")
A32: 专业能力 | B32: P01 | C32: Data Infra 能力 | D32: P01.04 | E32: ArgoDB 使用与优化能力 | F32: P01.04.09 | G32: ArgoDB 最佳实践沉淀 | H32: P8 | I32: P01-M004、P01-M011 | J32: 沉淀 ArgoDB 建模规范、选型标准、性能基线、SQL 调优方法和复杂问题处理手册。 | K32: 16–32 | N32: =IF(OR(L32="",M32=""),"",MAX(0,M32-L32)) | S32: 未开始 | V32: =IF(N32="","",IF(N32>=3,"年度重点专项",IF(N32=2,"季度重点补齐",IF(N32=1,"月度常规提升","保持观察/可做分享")))) | W32: =IF($P32="是",COUNTIF($P$2:$P32,"是"),"")
A33: 专业能力 | B33: P01 | C33: Data Infra 能力 | D33: P01.05 | E33: TDS 数据开发能力 | F33: P01.05.01 | G33: TDS 数据开发套件认知 | H33: P4 | I33: P01-M005 | J33: 在 TDS 环境中识别 Workflow、Transporter、SQLBook、脱敏等开发能力入口；提交功能入口截图和开发套件能力清单。 | K33: 4–8 | N33: =IF(OR(L33="",M33=""),"",MAX(0,M33-L33)) | S33: 未开始 | V33: =IF(N33="","",IF(N33>=3,"年度重点专项",IF(N33=2,"季度重点补齐",IF(N33=1,"月度常规提升","保持观察/可做分享")))) | W33: =IF($P33="是",COUNTIF($P$2:$P33,"是"),"")
A34: 专业能力 | B34: P01 | C34: Data Infra 能力 | D34: P01.05 | E34: TDS 数据开发能力 | F34: P01.05.02 | G34: 数据源配置与数据同步 | H34: P4 | I34: P01-M005、P01-M008 | J34: 配置源端与目标端数据源，完成一条数据同步任务并校验结果；提交配置截图、同步结果和数据校验 SQL。 | K34: 8–16 | N34: =IF(OR(L34="",M34=""),"",MAX(0,M34-L34)) | S34: 未开始 | U34: P4 重点 | V34: =IF(N34="","",IF(N34>=3,"年度重点专项",IF(N34=2,"季度重点补齐",IF(N34=1,"月度常规提升","保持观察/可做分享")))) | W34: =IF($P34="是",COUNTIF($P$2:$P34,"是"),"")
A35: 专业能力 | B35: P01 | C35: Data Infra 能力 | D35: P01.05 | E35: TDS 数据开发能力 | F35: P01.05.03 | G35: SQLBook 使用与 SQL 分析 | H35: P4 | I35: P01-M005 | J35: 使用 SQLBook 完成至少 3 个查询分析场景，包括查询、聚合、结果查看；提交 SQL、执行结果截图和分析说明。 | K35: 6–10 | N35: =IF(OR(L35="",M35=""),"",MAX(0,M35-L35)) | S35: 未开始 | V35: =IF(N35="","",IF(N35>=3,"年度重点专项",IF(N35=2,"季度重点补齐",IF(N35=1,"月度常规提升","保持观察/可做分享")))) | W35: =IF($P35="是",COUNTIF($P$2:$P35,"是"),"")
A36: 专业能力 | B36: P01 | C36: Data Infra 能力 | D36: P01.05 | E36: TDS 数据开发能力 | F36: P01.05.04 | G36: Workflow 任务流与调度配置 | H36: P4 | I36: P01-M005 | J36: 配置包含依赖关系的任务流和调度周期，完成运行验证；提交任务流截图、调度配置和运行结果。 | K36: 8–12 | N36: =IF(OR(L36="",M36=""),"",MAX(0,M36-L36)) | S36: 未开始 | V36: =IF(N36="","",IF(N36>=3,"年度重点专项",IF(N36=2,"季度重点补齐",IF(N36=1,"月度常规提升","保持观察/可做分享")))) | W36: =IF($P36="是",COUNTIF($P$2:$P36,"是"),"")
A37: 专业能力 | B37: P01 | C37: Data Infra 能力 | D37: P01.05 | E37: TDS 数据开发能力 | F37: P01.05.05 | G37: Transporter 数据传输任务 | H37: P4 | I37: P01-M005、P01-M008 | J37: 完成一次 Transporter 数据传输任务，并验证源端 / 目标端数据一致；提交任务配置截图、校验 SQL 和验证结果。 | K37: 8–12 | N37: =IF(OR(L37="",M37=""),"",MAX(0,M37-L37)) | S37: 未开始 | V37: =IF(N37="","",IF(N37>=3,"年度重点专项",IF(N37=2,"季度重点补齐",IF(N37=1,"月度常规提升","保持观察/可做分享")))) | W37: =IF($P37="是",COUNTIF($P$2:$P37,"是"),"")
A38: 专业能力 | B38: P01 | C38: Data Infra 能力 | D38: P01.05 | E38: TDS 数据开发能力 | F38: P01.05.06 | G38: 静态脱敏、策略脱敏、基础数据安全处理 | H38: P4 | I38: P01-M005、P01-M010 | J38: 配置静态脱敏或策略脱敏任务，并验证脱敏前后数据效果；提交配置截图、脱敏前后对比和说明。 | K38: 8–12 | N38: =IF(OR(L38="",M38=""),"",MAX(0,M38-L38)) | S38: 未开始 | V38: =IF(N38="","",IF(N38>=3,"年度重点专项",IF(N38=2,"季度重点补齐",IF(N38=1,"月度常规提升","保持观察/可做分享")))) | W38: =IF($P38="是",COUNTIF($P$2:$P38,"是"),"")
A39: 专业能力 | B39: P01 | C39: Data Infra 能力 | D39: P01.05 | E39: TDS 数据开发能力 | F39: P01.05.07 | G39: 任务依赖、异常重跑、任务运维 | H39: P5 | I39: P01-M005 | J39: 模拟或处理一次任务失败，完成定位、重跑和恢复；提交异常截图、处理步骤、重跑结果和复盘记录。 | K39: 8–16 | N39: =IF(OR(L39="",M39=""),"",MAX(0,M39-L39)) | S39: 未开始 | V39: =IF(N39="","",IF(N39>=3,"年度重点专项",IF(N39=2,"季度重点补齐",IF(N39=1,"月度常规提升","保持观察/可做分享")))) | W39: =IF($P39="是",COUNTIF($P$2:$P39,"是"),"")
A40: 专业能力 | B40: P01 | C40: Data Infra 能力 | D40: P01.05 | E40: TDS 数据开发能力 | F40: P01.05.08 | G40: 数据开发流程与开发规范设计 | H40: P6–P7 | I40: P01-M005、P01-M011 | J40: 基于数仓 / 湖仓项目设计数据开发流程、任务命名规范、依赖规范、异常处理规范和交付模板。 | K40: 16–32 | N40: =IF(OR(L40="",M40=""),"",MAX(0,M40-L40)) | S40: 未开始 | V40: =IF(N40="","",IF(N40>=3,"年度重点专项",IF(N40=2,"季度重点补齐",IF(N40=1,"月度常规提升","保持观察/可做分享")))) | W40: =IF($P40="是",COUNTIF($P$2:$P40,"是"),"")
A41: 专业能力 | B41: P01 | C41: Data Infra 能力 | D41: P01.06 | E41: TDS 数据治理能力 | F41: P01.06.01 | G41: 用户、角色、工作区权限配置 | H41: P4 | I41: P01-M006、P01-M010 | J41: 完成用户、角色、工作区权限配置，并使用不同账号验证访问差异；提交权限配置截图和验证记录。 | K41: 6–10 | N41: =IF(OR(L41="",M41=""),"",MAX(0,M41-L41)) | S41: 未开始 | V41: =IF(N41="","",IF(N41>=3,"年度重点专项",IF(N41=2,"季度重点补齐",IF(N41=1,"月度常规提升","保持观察/可做分享")))) | W41: =IF($P41="是",COUNTIF($P$2:$P41,"是"),"")
A42: 专业能力 | B42: P01 | C42: Data Infra 能力 | D42: P01.06 | E42: TDS 数据治理能力 | F42: P01.06.02 | G42: 数据连接、驱动配置、元数据采集 | H42: P4 | I42: P01-M006 | J42: 完成数据连接、驱动配置和元数据采集，验证指定库表被采集；提交连接截图、采集结果和问题记录。 | K42: 8–12 | N42: =IF(OR(L42="",M42=""),"",MAX(0,M42-L42)) | S42: 未开始 | V42: =IF(N42="","",IF(N42>=3,"年度重点专项",IF(N42=2,"季度重点补齐",IF(N42=1,"月度常规提升","保持观察/可做分享")))) | W42: =IF($P42="是",COUNTIF($P$2:$P42,"是"),"")
A43: 专业能力 | B43: P01 | C43: Data Infra 能力 | D43: P01.06 | E43: TDS 数据治理能力 | F43: P01.06.03 | G43: 数据资源盘点与元数据版本管理 | H43: P4 | I43: P01-M006 | J43: 对指定数据源完成资源盘点，并查看或维护元数据版本；提交资源盘点结果、版本截图和说明。 | K43: 6–10 | N43: =IF(OR(L43="",M43=""),"",MAX(0,M43-L43)) | S43: 未开始 | V43: =IF(N43="","",IF(N43>=3,"年度重点专项",IF(N43=2,"季度重点补齐",IF(N43=1,"月度常规提升","保持观察/可做分享")))) | W43: =IF($P43="是",COUNTIF($P$2:$P43,"是"),"")
A44: 专业能力 | B44: P01 | C44: Data Infra 能力 | D44: P01.06 | E44: TDS 数据治理能力 | F44: P01.06.04 | G44: 元数据分析、特征分析、关联度分析 | H44: P4–P5 | I44: P01-M006 | J44: 对样例数据完成元数据分析、特征分析或关联度分析；提交分析截图、结果说明和发现的问题。 | K44: 8–12 | N44: =IF(OR(L44="",M44=""),"",MAX(0,M44-L44)) | S44: 未开始 | V44: =IF(N44="","",IF(N44>=3,"年度重点专项",IF(N44=2,"季度重点补齐",IF(N44=1,"月度常规提升","保持观察/可做分享")))) | W44: =IF($P44="是",COUNTIF($P$2:$P44,"是"),"")
A45: 专业能力 | B45: P01 | C45: Data Infra 能力 | D45: P01.06 | E45: TDS 数据治理能力 | F45: P01.06.05 | G45: 血缘分析与血缘维护 | H45: P4–P5 | I45: P01-M006 | J45: 执行样例 SQL 或任务后生成表级 / 字段级血缘，并完成必要的血缘查看或维护；提交血缘截图和血缘说明。 | K45: 8–16 | N45: =IF(OR(L45="",M45=""),"",MAX(0,M45-L45)) | S45: 未开始 | V45: =IF(N45="","",IF(N45>=3,"年度重点专项",IF(N45=2,"季度重点补齐",IF(N45=1,"月度常规提升","保持观察/可做分享")))) | W45: =IF($P45="是",COUNTIF($P$2:$P45,"是"),"")
A46: 专业能力 | B46: P01 | C46: Data Infra 能力 | D46: P01.06 | E46: TDS 数据治理能力 | F46: P01.06.06 | G46: 逻辑模型、物理模型设计与发布 | H46: P5–P6 | I46: P01-M006、P01-M007 | J46: 完成一个业务主题的逻辑模型、物理模型设计和发布，生成建表 DDL；提交模型截图、DDL 和设计说明。 | K46: 16–24 | N46: =IF(OR(L46="",M46=""),"",MAX(0,M46-L46)) | S46: 未开始 | V46: =IF(N46="","",IF(N46>=3,"年度重点专项",IF(N46=2,"季度重点补齐",IF(N46=1,"月度常规提升","保持观察/可做分享")))) | W46: =IF($P46="是",COUNTIF($P$2:$P46,"是"),"")
... A52: 专业能力 | B52: P01 | C52: Data Infra 能力 | D52: P01.07 | E52: 数仓 / 湖仓建模与数据流转能力 | F52: P01.07.02 | G52: 维度、事实、指标、主题域基础 | H52: P4 | I52: P01-M007 | J52: 完成一个小型业务主题的维度表、事实表和 3–5 个指标口径设计；提交指标口径表、模型图和 DDL。 | K52: 12–20 | N52: =IF(OR(L52="",M52=""),"",MAX(0,M52-L52)) | S52: 未开始 | V52: =IF(N52="","",IF(N52>=3,"年度重点专项",IF(N52=2,"季度重点补齐",IF(N52=1,"月度常规提升","保持观察/可做分享")))) | W52: =IF($P52="是",COUNTIF($P$2:$P52,"是"),"")
A53: 专业能力 | B53: P01 | C53: Data Infra 能力 | D53: P01.07 | E53: 数仓 / 湖仓建模与数据流转能力 | F53: P01.07.03 | G53: 数据接入、ETL、指标加工 | H53: P4 | I53: P01-M007、P01-M005 | J53: 完成从源表到 ADS 的最小 ETL 链路，实现 3–5 个指标加工；提交 ETL SQL、任务截图和结果校验。 | K53: 16–24 | N53: =IF(OR(L53="",M53=""),"",MAX(0,M53-L53)) | S53: 未开始 | U53: P4 重点 | V53: =IF(N53="","",IF(N53>=3,"年度重点专项",IF(N53=2,"季度重点补齐",IF(N53=1,"月度常规提升","保持观察/可做分享")))) | W53: =IF($P53="是",COUNTIF($P$2:$P53,"是"),"")
A54: 专业能力 | B54: P01 | C54: Data Infra 能力 | D54: P01.07 | E54: 数仓 / 湖仓建模与数据流转能力 | F54: P01.07.04 | G54: 报表查询与数据应用支撑 | H54: P4 | I54: P01-M007、P01-M004 | J54: 基于 ADS 表完成报表查询或分析查询样例，验证指标结果；提交查询 SQL、结果截图和口径说明。 | K54: 8–12 | N54: =IF(OR(L54="",M54=""),"",MAX(0,M54-L54)) | S54: 未开始 | V54: =IF(N54="","",IF(N54>=3,"年度重点专项",IF(N54=2,"季度重点补齐",IF(N54=1,"月度常规提升","保持观察/可做分享")))) | W54: =IF($P54="是",COUNTIF($P$2:$P54,"是"),"")
A55: 专业能力 | B55: P01 | C55: Data Infra 能力 | D55: P01.07 | E55: 数仓 / 湖仓建模与数据流转能力 | F55: P01.07.05 | G55: T+0 / T+1 数据流转链路 | H55: P5–P6 | I55: P01-M007、P01-M008 | J55: 分别设计或验证 T+0 与 T+1 数据流转链路，说明数据接入、加工、存储和查询过程；提交链路图和验证结果。 | K55: 16–32 | N55: =IF(OR(L55="",M55=""),"",MAX(0,M55-L55)) | S55: 未开始 | V55: =IF(N55="","",IF(N55>=3,"年度重点专项",IF(N55=2,"季度重点补齐",IF(N55=1,"月度常规提升","保持观察/可做分享")))) | W55: =IF($P55="是",COUNTIF($P$2:$P55,"是"),"")
A56: 专业能力 | B56: P01 | C56: Data Infra 能力 | D56: P01.07 | E56: 数仓 / 湖仓建模与数据流转能力 | F56: P01.07.06 | G56: 湖仓一体、存算分离、批流融合认知 | H56: P5–P6 | I56: P01-M007、P01-M004 | J56: 基于 ArgoDB / TDH 场景输出湖仓一体、存算分离、批流融合说明，并完成一个最小入湖-加工-查询闭环验证。 | K56: 16–24 | N56: =IF(OR(L56="",M56=""),"",MAX(0,M56-L56)) | S56: 未开始 | V56: =IF(N56="","",IF(N56>=3,"年度重点专项",IF(N56=2,"季度重点补齐",IF(N56=1,"月度常规提升","保持观察/可做分享")))) | W56: =IF($P56="是",COUNTIF($P$2:$P56,"是"),"")
A57: 专业能力 | B57: P01 | C57: Data Infra 能力 | D57: P01.07 | E57: 数仓 / 湖仓建模与数据流转能力 | F57: P01.07.07 | G57: 数据共享、权限隔离、治理集成 | H57: P6–P7 | I57: P01-M007、P01-M010 | J57: 设计数仓 / 湖仓数据共享、权限隔离、治理集成方案；可在测试环境完成一个共享与权限验证 Demo。 | K57: 24–40 | N57: =IF(OR(L57="",M57=""),"",MAX(0,M57-L57)) | S57: 未开始 | V57: =IF(N57="","",IF(N57>=3,"年度重点专项",IF(N57=2,"季度重点补齐",IF(N57=1,"月度常规提升","保持观察/可做分享")))) | W57: =IF($P57="是",COUNTIF($P$2:$P57,"是"),"")
A58: 专业能力 | B58: P01 | C58: Data Infra 能力 | D58: P01.07 | E58: 数仓 / 湖仓建模与数据流转能力 | F58: P01.07.08 | G58: 数仓 / 湖仓建模规范沉淀 | H58: P8 | I58: P01-M007、P01-M011 | J58: 总结项目或 Demo 经验，沉淀数仓分层规范、指标体系模板、建模评审清单和数据流转标准。 | K58: 24–40 | N58: =IF(OR(L58="",M58=""),"",MAX(0,M58-L58)) | S58: 未开始 | V58: =IF(N58="","",IF(N58>=3,"年度重点专项",IF(N58=2,"季度重点补齐",IF(N58=1,"月度常规提升","保持观察/可做分享")))) | W58: =IF($P58="是",COUNTIF($P$2:$P58,"是"),"")
A59: 专业能力 | B59: P01 | C59: Data Infra 能力 | D59: P01.08 | E59: 数据集成与实时同步能力 | F59: P01.08.01 | G59: 常见数据源接入：Oracle / MySQL / 文件 / API / Kafka | H59: P4 | I59: P01-M008 | J59: 至少完成一种源端接入配置和连通性验证；提交数据源配置、连接验证截图和问题记录。 | K59: 6–12 | N59: =IF(OR(L59="",M59=""),"",MAX(0,M59-L59)) | S59: 未开始 | V59: =IF(N59="","",IF(N59>=3,"年度重点专项",IF(N59=2,"季度重点补齐",IF(N59=1,"月度常规提升","保持观察/可做分享")))) | W59: =IF($P59="是",COUNTIF($P$2:$P59,"是"),"")
A60: 专业能力 | B60: P01 | C60: Data Infra 能力 | D60: P01.08 | E60: 数据集成与实时同步能力 | F60: P01.08.02 | G60: 批量同步任务配置 | H60: P4 | I60: P01-M008、P01-M005 | J60: 完成一次全量 / 批量同步任务，并校验源端与目标端数据量和样例数据一致；提交配置截图、校验 SQL 和报告。 | K60: 8–16 | N60: =IF(OR(L60="",M60=""),"",MAX(0,M60-L60)) | S60: 未开始 | V60: =IF(N60="","",IF(N60>=3,"年度重点专项",IF(N60=2,"季度重点补齐",IF(N60=1,"月度常规提升","保持观察/可做分享")))) | W60: =IF($P60="是",COUNTIF($P$2:$P60,"是"),"")
A61: 专业能力 | B61: P01 | C61: Data Infra 能力 | D61: P01.08 | E61: 数据集成与实时同步能力 | F61: P01.08.03 | G61: 增量同步 / CDC 配置 | H61: P4 | I61: P01-M008 | J61: 完成增量同步或 CDC 配置，验证新增 / 修改 / 删除数据同步效果；提交 CDC 验证记录和一致性结果。 | K61: 12–20 | N61: =IF(OR(L61="",M61=""),"",MAX(0,M61-L61)) | S61: 未开始 | U61: P4 重点 | V61: =IF(N61="","",IF(N61>=3,"年度重点专项",IF(N61=2,"季度重点补齐",IF(N61=1,"月度常规提升","保持观察/可做分享")))) | W61: =IF($P61="是",COUNTIF($P$2:$P61,"是"),"")
A62: 专业能力 | B62: P01 | C62: Data Infra 能力 | D62: P01.08 | E62: 数据集成与实时同步能力 | F62: P01.08.04 | G62: DDL 变更同步验证 | H62: P4–P5 | I62: P01-M008 | J62: 验证新增字段、修改字段或表结构变化后的同步效果，说明限制和处理方式；提交 DDL 变更测试记录。 | K62: 8–16 | N62: =IF(OR(L62="",M62=""),"",MAX(0,M62-L62)) | S62: 未开始 | V62: =IF(N62="","",IF(N62>=3,"年度重点专项",IF(N62=2,"季度重点补齐",IF(N62=1,"月度常规提升","保持观察/可做分享")))) | W62: =IF($P62="是",COUNTIF($P$2:$P62,"是"),"")
A63: 专业能力 | B63: P01 | C63: Data Infra 能力 | D63: P01.08 | E63: 数据集成与实时同步能力 | F63: P01.08.05 | G63: 数据一致性校验 | H63: P4 | I63: P01-M008 | J63: 比对源端与目标端数据量、字段、样例数据和关键指标；提交一致性校验 SQL、差异数据清单和结论。 | K63: 6–12 | N63: =IF(OR(L63="",M63=""),"",MAX(0,M63-L63)) | S63: 未开始 | V63: =IF(N63="","",IF(N63>=3,"年度重点专项",IF(N63=2,"季度重点补齐",IF(N63=1,"月度常规提升","保持观察/可做分享")))) | W63: =IF($P63="是",COUNTIF($P$2:$P63,"是"),"")
A64: 专业能力 | B64: P01 | C64: Data Infra 能力 | D64: P01.08 | E64: 数据集成与实时同步能力 | F64: P01.08.06 | G64: 同步延迟、字段映射、权限问题处理 | H64: P5 | I64: P01-M008 | J64: 处理一次同步延迟、字段映射错误或源端权限问题；提交现象、定位过程、处理步骤和恢复结果。 | K64: 8–16 | N64: =IF(OR(L64="",M64=""),"",MAX(0,M64-L64)) | S64: 未开始 | V64: =IF(N64="","",IF(N64>=3,"年度重点专项",IF(N64=2,"季度重点补齐",IF(N64=1,"月度常规提升","保持观察/可做分享")))) | W64: =IF($P64="是",COUNTIF($P$2:$P64,"是"),"")
A65: 专业能力 | B65: P01 | C65: Data Infra 能力 | D65: P01.08 | E65: 数据集成与实时同步能力 | F65: P01.08.07 | G65: 异常重跑、断点续传、容错补偿 | H65: P5–P6 | I65: P01-M008 | J65: 模拟同步中断或任务失败，完成重跑、断点续传或补偿处理；提交恢复记录和容错方案。 | K65: 12–24 | N65: =IF(OR(L65="",M65=""),"",MAX(0,M65-L65)) | S65: 未开始 | V65: =IF(N65="","",IF(N65>=3,"年度重点专项",IF(N65=2,"季度重点补齐",IF(N65=1,"月度常规提升","保持观察/可做分享")))) | W65: =IF($P65="是",COUNTIF($P$2:$P65,"是"),"")
A66: 专业能力 | B66: P01 | C66: Data Infra 能力 | D66: P01.08 | E66: 数据集成与实时同步能力 | F66: P01.08.08 | G66: 多源异构实时同步架构设计 | H66: P6–P7 | I66: P01-M008、P01-M001 | J66: 基于多个源端设计实时同步架构，覆盖链路监控、容错补偿、性能和验收标准；提交架构图和验证方案。 | K66: 24–40 | N66: =IF(OR(L66="",M66=""),"",MAX(0,M66-L66)) | S66: 未开始 | V66: =IF(N66="","",IF(N66>=3,"年度重点专项",IF(N66=2,"季度重点补齐",IF(N66=1,"月度常规提升","保持观察/可做分享")))) | W66: =IF($P66="是",COUNTIF($P$2:$P66,"是"),"")
A67: 专业能力 | B67: P01 | C67: Data Infra 能力 | D67: P01.08 | E67: 数据集成与实时同步能力 | F67: P01.08.09 | G67: 数据集成标准与模板沉淀 | H67: P8 | I67: P01-M008、P01-M011 | J67: 沉淀数据集成模板、实时同步验证方法、常见问题知识库和交付规范。 | K67: 16–32 | N67: =IF(OR(L67="",M67=""),"",MAX(0,M67-L67)) | S67: 未开始 | V67: =IF(N67="","",IF(N67>=3,"年度重点专项",IF(N67=2,"季度重点补齐",IF(N67=1,"月度常规提升","保持观察/可做分享")))) | W67: =IF($P67="是",COUNTIF($P$2:$P67,"是"),"")
A68: 专业能力 | B68: P01 | C68: Data Infra 能力 | D68: P01.09 | E68: 资源规划、性能优化与稳定性基础能力 | F68: P01.09.01 | G68: 服务器、OS、磁盘、网络、端口环境检查 | H68: P4 | I68: P01-M002、P01-M003、P01-M009 | J68: 在独立服务器完成环境检查，包括 OS、CPU、内存、磁盘、网络、端口、时间同步；提交环境检查表和整改记录。 | K68: 6–10 | N68: =IF(OR(L68="",M68=""),"",MAX(0,M68-L68)) | S68: 未开始 | V68: =IF(N68="","",IF(N68>=3,"年度重点专项",IF(N68=2,"季度重点补齐",IF(N68=1,"月度常规提升","保持观察/可做分享")))) | W68: =IF($P68="是",COUNTIF($P$2:$P68,"是"),"")
A69: 专业能力 | B69: P01 | C69: Data Infra 能力 | D69: P01.09 | E69: 资源规划、性能优化与稳定性基础能力 | F69: P01.09.02 | G69: 基础容量确认与资源使用分析 | H69: P4–P5 | I69: P01-M009 | J69: 基于数据量、节点数和组件要求完成基础容量确认，查看 CPU、内存、磁盘、网络使用情况；提交容量估算表和资源截图。 | K69: 8–12 | N69: =IF(OR(L69="",M69=""),"",MAX(0,M69-L69)) | S69: 未开始 | V69: =IF(N69="","",IF(N69>=3,"年度重点专项",IF(N69=2,"季度重点补齐",IF(N69=1,"月度常规提升","保持观察/可做分享")))) | W69: =IF($P69="是",COUNTIF($P$2:$P69,"是"),"")
A70: 专业能力 | B70: P01 | C70: Data Infra 能力 | D70: P01.09 | E70: 资源规划、性能优化与稳定性基础能力 | F70: P01.09.03 | G70: 服务巡检、日志查看、基础告警处理 | H70: P4 | I70: P01-M002、P01-M003、P01-M009 | J70: 完成一次服务巡检、日志查看和基础告警处理；提交巡检报告、日志定位记录和告警处理结果。 | K70: 8–12 | N70: =IF(OR(L70="",M70=""),"",MAX(0,M70-L70)) | S70: 未开始 | V70: =IF(N70="","",IF(N70>=3,"年度重点专项",IF(N70=2,"季度重点补齐",IF(N70=1,"月度常规提升","保持观察/可做分享")))) | W70: =IF($P70="是",COUNTIF($P$2:$P70,"是"),"")
A71: 专业能力 | B71: P01 | C71: Data Infra 能力 | D71: P01.09 | E71: 资源规划、性能优化与稳定性基础能力 | F71: P01.09.04 | G71: 部署后可用性验证与基础性能验证 | H71: P4 | I71: P01-M009 | J71: 完成服务可用性验证和基础性能验证，如查询、写入、任务运行、组件访问；提交验证清单和结果截图。 | K71: 8–16 | N71: =IF(OR(L71="",M71=""),"",MAX(0,M71-L71)) | S71: 未开始 | V71: =IF(N71="","",IF(N71>=3,"年度重点专项",IF(N71=2,"季度重点补齐",IF(N71=1,"月度常规提升","保持观察/可做分享")))) | W71: =IF($P71="是",COUNTIF($P$2:$P71,"是"),"")
A72: 专业能力 | B72: P01 | C72: Data Infra 能力 | D72: P01.09 | E72: 资源规划、性能优化与稳定性基础能力 | F72: P01.09.05 | G72: SQL / 任务 / 服务级基础调优 | H72: P5 | I72: P01-M004、P01-M005、P01-M009 | J72: 完成一次 SQL、任务或服务参数调优，对比调优前后指标；提交调优记录、截图和结论。 | K72: 12–20 | N72: =IF(OR(L72="",M72=""),"",MAX(0,M72-L72)) | S72: 未开始 | V72: =IF(N72="","",IF(N72>=3,"年度重点专项",IF(N72=2,"季度重点补齐",IF(N72=1,"月度常规提升","保持观察/可做分享")))) | W72: =IF($P72="是",COUNTIF($P$2:$P72,"是"),"")
A73: 专业能力 | B73: P01 | C73: Data Infra 能力 | D73: P01.09 | E73: 资源规划、性能优化与稳定性基础能力 | F73: P01.09.06 | G73: 弹性伸缩、扩缩容、高可用验证 | H73: P6 | I73: P01-M003、P01-M009 | J73: 在测试环境完成扩缩容、弹性伸缩或高可用切换验证；提交验证方案、执行记录和结果判断。 | K73: 20–32 | N73: =IF(OR(L73="",M73=""),"",MAX(0,M73-L73)) | S73: 未开始 | V73: =IF(N73="","",IF(N73>=3,"年度重点专项",IF(N73=2,"季度重点补齐",IF(N73=1,"月度常规提升","保持观察/可做分享")))) | W73: =IF($P73="是",COUNTIF($P$2:$P73,"是"),"")
... A83: 专业能力 | B83: P01 | C83: Data Infra 能力 | D83: P01.10 | E83: 数据安全、权限与合规能力 | F83: P01.10.08 | G83: 数据安全治理规范沉淀 | H83: P8 | I83: P01-M010、P01-M011 | J83: 沉淀权限模型模板、合规检查清单、安全评审机制和数据安全治理最佳实践。 | K83: 16–32 | N83: =IF(OR(L83="",M83=""),"",MAX(0,M83-L83)) | S83: 未开始 | V83: =IF(N83="","",IF(N83>=3,"年度重点专项",IF(N83=2,"季度重点补齐",IF(N83=1,"月度常规提升","保持观察/可做分享")))) | W83: =IF($P83="是",COUNTIF($P$2:$P83,"是"),"")
A84: 专业能力 | B84: P02 | C84: AI Infra / Agent 能力 | D84: P02.01 | E84: AI Infra / Agent 技术体系与产品认知 | F84: P02.01.01 | G84: 主流 AI Infra 技术体系认知 | H84: P4 | I84: P02-M001、P02-M008 | J84: 输出 AI Infra / Agent 技术体系图，覆盖算力、模型服务、语料、知识库、RAG、Agent、MCP / Tool、AI Coding、LLMOps / MLOps、多模态 / AIGC、生产力工具等核心概念，并说明各模块之间关系。 | K84: 4–6 | N84: =IF(OR(L84="",M84=""),"",MAX(0,M84-L84)) | S84: 未开始 | U84: 删除原“企业级 AI 落地挑战认知”，相关背景可放培训导入。 | V84: =IF(N84="","",IF(N84>=3,"年度重点专项",IF(N84=2,"季度重点补齐",IF(N84=1,"月度常规提升","保持观察/可做分享")))) | W84: =IF($P84="是",COUNTIF($P$2:$P84,"是"),"")
A85: 专业能力 | B85: P02 | C85: AI Infra / Agent 能力 | D85: P02.01 | E85: AI Infra / Agent 技术体系与产品认知 | F85: P02.01.02 | G85: 公司 AI 产品体系认知 | H85: P4 | I85: P02-M001、P02-M007 | J85: 输出 LLMOps、问数产品定位、能力边界、典型场景和产品关系说明；能说明 LLMOps 作为 AI 能力底座、问数作为智能分析应用产品的关系。 | K85: 4–6 | N85: =IF(OR(L85="",M85=""),"",MAX(0,M85-L85)) | S85: 未开始 | V85: =IF(N85="","",IF(N85>=3,"年度重点专项",IF(N85=2,"季度重点补齐",IF(N85=1,"月度常规提升","保持观察/可做分享")))) | W85: =IF($P85="是",COUNTIF($P$2:$P85,"是"),"")
A86: 专业能力 | B86: P02 | C86: AI Infra / Agent 能力 | D86: P02.01 | E86: AI Infra / Agent 技术体系与产品认知 | F86: P02.01.03 | G86: LLMOps 产品模块认知 | H86: P4 | I86: P02-M001、P02-M003 | J86: 输出 LLMOps 模块脑图，覆盖算力、模型、代码开发、语料、知识、RAG、Agent / 应用链、应用发布、空间、权限、API-KEY、审计等模块。 | K86: 4–8 | N86: =IF(OR(L86="",M86=""),"",MAX(0,M86-L86)) | S86: 未开始 | V86: =IF(N86="","",IF(N86>=3,"年度重点专项",IF(N86=2,"季度重点补齐",IF(N86=1,"月度常规提升","保持观察/可做分享")))) | W86: =IF($P86="是",COUNTIF($P$2:$P86,"是"),"")
A87: 专业能力 | B87: P02 | C87: AI Infra / Agent 能力 | D87: P02.01 | E87: AI Infra / Agent 技术体系与产品认知 | F87: P02.01.04 | G87: 问数产品模块与架构认知 | H87: P4 | I87: P02-M004、P02-M007 | J87: 输出问数功能与系统架构图，说明数据准备、语义建模、智能问数、指标问答、知识问答、看板、洞察报告、BaopsAgent、SolarAgent、NL2SQL、NL2INDEX、工具市场等模块关系。 | K87: 6–10 | N87: =IF(OR(L87="",M87=""),"",MAX(0,M87-L87)) | S87: 未开始 | U87: 合并原问数产品架构认知。 | V87: =IF(N87="","",IF(N87>=3,"年度重点专项",IF(N87=2,"季度重点补齐",IF(N87=1,"月度常规提升","保持观察/可做分享")))) | W87: =IF($P87="是",COUNTIF($P$2:$P87,"是"),"")
A88: 专业能力 | B88: P02 | C88: AI Infra / Agent 能力 | D88: P02.01 | E88: AI Infra / Agent 技术体系与产品认知 | F88: P02.01.05 | G88: AI 产品与客户场景匹配 | H88: P5 | I88: P02-M001、P02-M005、P02-M007 | J88: 选择 2–3 个典型客户场景，输出“场景-产品-能力-验证方式”映射表，说明使用 LLMOps、问数或通用 Agent / 多模态能力的适配理由。 | K88: 8–12 | N88: =IF(OR(L88="",M88=""),"",MAX(0,M88-L88)) | S88: 未开始 | V88: =IF(N88="","",IF(N88>=3,"年度重点专项",IF(N88=2,"季度重点补齐",IF(N88=1,"月度常规提升","保持观察/可做分享")))) | W88: =IF($P88="是",COUNTIF($P$2:$P88,"是"),"")
A89: 专业能力 | B89: P02 | C89: AI Infra / Agent 能力 | D89: P02.01 | E89: AI Infra / Agent 技术体系与产品认知 | F89: P02.01.06 | G89: AI Infra / Agent 建设路径 | H89: P6 | I89: P02-M001、P02-M005、P02-M007 | J89: 输出一个企业 AI 能力建设路径草案，包括平台底座、数据 / 知识准备、模型服务、应用场景、验证指标、实施阶段和风险控制点。 | K89: 12–16 | N89: =IF(OR(L89="",M89=""),"",MAX(0,M89-L89)) | S89: 未开始 | V89: =IF(N89="","",IF(N89>=3,"年度重点专项",IF(N89=2,"季度重点补齐",IF(N89=1,"月度常规提升","保持观察/可做分享")))) | W89: =IF($P89="是",COUNTIF($P$2:$P89,"是"),"")
A90: 专业能力 | B90: P02 | C90: AI Infra / Agent 能力 | D90: P02.02 | E90: LLMOps 平台部署、运维与应用开发能力 | F90: P02.02.01 | G90: LLMOps 平台部署 | H90: P4–P5 | I90: P02-M002 | J90: 完成或参与 LLMOps + TDC 标准环境部署，覆盖 CPU、内存、磁盘、GPU、网卡、OS、驱动、CUDA、containerd、registry、NFS / JuiceFS、HIPPO、license、认证激活和装后测试；提交部署记录、关键配置截图、服务访问截图、环境检查表和问题记录。 | K90: 32–56 | N90: =IF(OR(L90="",M90=""),"",MAX(0,M90-L90)) | S90: 未开始 | U90: 合并原部署环境检查、标准部署认知、标准部署 / 协助部署。 | V90: =IF(N90="","",IF(N90>=3,"年度重点专项",IF(N90=2,"季度重点补齐",IF(N90=1,"月度常规提升","保持观察/可做分享")))) | W90: =IF($P90="是",COUNTIF($P$2:$P90,"是"),"")
A91: 专业能力 | B91: P02 | C91: AI Infra / Agent 能力 | D91: P02.02 | E91: LLMOps 平台部署、运维与应用开发能力 | F91: P02.02.02 | G91: LLMOps 基础运维与问题排查 | H91: P5 | I91: P02-M002、P02-M003 | J91: 在测试环境完成 pod、PVC / PV、HIPPO、Prometheus、CAS、镜像拉取、服务状态、日志等基础检查；提交一次部署或运行问题定位记录，包括现象、定位过程、处理动作和恢复结果。 | K91: 16–24 | N91: =IF(OR(L91="",M91=""),"",MAX(0,M91-L91)) | S91: 未开始 | V91: =IF(N91="","",IF(N91>=3,"年度重点专项",IF(N91=2,"季度重点补齐",IF(N91=1,"月度常规提升","保持观察/可做分享")))) | W91: =IF($P91="是",COUNTIF($P$2:$P91,"是"),"")
A92: 专业能力 | B92: P02 | C92: AI Infra / Agent 能力 | D92: P02.02 | E92: LLMOps 平台部署、运维与应用开发能力 | F92: P02.02.03 | G92: 算力资源管理与异构 GPU 调度 | H92: P4–P5 | I92: P02-M001、P02-M003 | J92: 完成算力资源查看、资源配额、GPU 分组 / 规格查看或配置验证；说明 NVIDIA、昇腾、海光、寒武纪等异构算力接入、共享、切分、调度策略；提交资源配置截图和说明。 | K92: 12–20 | N92: =IF(OR(L92="",M92=""),"",MAX(0,M92-L92)) | S92: 未开始 | V92: =IF(N92="","",IF(N92>=3,"年度重点专项",IF(N92=2,"季度重点补齐",IF(N92=1,"月度常规提升","保持观察/可做分享")))) | W92: =IF($P92="是",COUNTIF($P$2:$P92,"是"),"")
A93: 专业能力 | B93: P02 | C93: AI Infra / Agent 能力 | D93: P02.02 | E93: LLMOps 平台部署、运维与应用开发能力 | F93: P02.02.04 | G93: 模型管理与模型服务接入 | H93: P4–P5 | I93: P02-M001、P02-M003 | J93: 完成模型查看、模型体验、模型调用参数配置；至少完成一个模型服务注册或远程模型服务接入验证，提交配置截图、调用结果、参数说明和问题记录。 | K93: 12–20 | N93: =IF(OR(L93="",M93=""),"",MAX(0,M93-L93)) | S93: 未开始 | V93: =IF(N93="","",IF(N93>=3,"年度重点专项",IF(N93=2,"季度重点补齐",IF(N93=1,"月度常规提升","保持观察/可做分享")))) | W93: =IF($P93="是",COUNTIF($P$2:$P93,"是"),"")
A94: 专业能力 | B94: P02 | C94: AI Infra / Agent 能力 | D94: P02.02 | E94: LLMOps 平台部署、运维与应用开发能力 | F94: P02.02.05 | G94: 代码开发环境与任务运行 | H94: P5 | I94: P02-M001、P02-M003 | J94: 在 LLMOps 代码开发环境中完成 Notebook / 脚本 / 任务运行验证，提交代码、运行截图、输入输出结果和异常处理记录。 | K94: 12–20 | N94: =IF(OR(L94="",M94=""),"",MAX(0,M94-L94)) | S94: 未开始 | V94: =IF(N94="","",IF(N94>=3,"年度重点专项",IF(N94=2,"季度重点补齐",IF(N94=1,"月度常规提升","保持观察/可做分享")))) | W94: =IF($P94="是",COUNTIF($P$2:$P94,"是"),"")
A95: 专业能力 | B95: P02 | C95: AI Infra / Agent 能力 | D95: P02.02 | E95: LLMOps 平台部署、运维与应用开发能力 | F95: P02.02.06 | G95: 语料处理与知识库构建 | H95: P4–P5 | I95: P02-M003 | J95: 上传样例文档 / 表格 / FAQ，完成语料编目、清洗、切分、入库和知识库构建，进行基础检索验证；提交知识库配置、命中片段、检索结果和问题记录。 | K95: 16–24 | N95: =IF(OR(L95="",M95=""),"",MAX(0,M95-L95)) | S95: 未开始 | V95: =IF(N95="","",IF(N95>=3,"年度重点专项",IF(N95=2,"季度重点补齐",IF(N95=1,"月度常规提升","保持观察/可做分享")))) | W95: =IF($P95="是",COUNTIF($P$2:$P95,"是"),"")
A96: 专业能力 | B96: P02 | C96: AI Infra / Agent 能力 | D96: P02.02 | E96: LLMOps 平台部署、运维与应用开发能力 | F96: P02.02.07 | G96: RAG 应用构建与效果验证 | H96: P5 | I96: P02-M003 | J96: 基于样例知识库创建 RAG 问答应用，完成 5–10 个问题验证，记录回答、引用片段、召回情况和失败案例；提交问题集、验证结果和优化建议。 | K96: 16–24 | N96: =IF(OR(L96="",M96=""),"",MAX(0,M96-L96)) | S96: 未开始 | V96: =IF(N96="","",IF(N96>=3,"年度重点专项",IF(N96=2,"季度重点补齐",IF(N96=1,"月度常规提升","保持观察/可做分享")))) | W96: =IF($P96="是",COUNTIF($P$2:$P96,"是"),"")
A97: 专业能力 | B97: P02 | C97: AI Infra / Agent 能力 | D97: P02.02 | E97: LLMOps 平台部署、运维与应用开发能力 | F97: P02.02.08 | G97: Agent / 应用链开发与发布 | H97: P5–P6 | I97: P02-M001、P02-M003 | J97: 创建一个简单 Agent 或应用链，配置模型、Prompt、知识库、工具调用或流程节点，完成端到端运行、发布和访问验证；提交应用入口、流程截图、运行结果和异常记录。 | K97: 16–32 | N97: =IF(OR(L97="",M97=""),"",MAX(0,M97-L97)) | S97: 未开始 | V97: =IF(N97="","",IF(N97>=3,"年度重点专项",IF(N97=2,"季度重点补齐",IF(N97=1,"月度常规提升","保持观察/可做分享")))) | W97: =IF($P97="是",COUNTIF($P$2:$P97,"是"),"")
A98: 专业能力 | B98: P02 | C98: AI Infra / Agent 能力 | D98: P02.02 | E98: LLMOps 平台部署、运维与应用开发能力 | F98: P02.02.09 | G98: LLMOps 应用优化与最佳实践沉淀 | H98: P6–P8 | I98: P02-M001、P02-M002、P02-M003 | J98: 针对 RAG / Agent / 应用链失败案例，完成召回、Prompt、知识库或模型参数优化，提交优化前后对比；高阶需沉淀部署检查清单、应用开发模板、知识库构建规范、RAG / Agent 验收模板。 | K98: 24–40 | N98: =IF(OR(L98="",M98=""),"",MAX(0,M98-L98)) | S98: 未开始 | U98: P6 以优化为主，P7/P8 以规范沉淀为主。 | V98: =IF(N98="","",IF(N98>=3,"年度重点专项",IF(N98=2,"季度重点补齐",IF(N98=1,"月度常规提升","保持观察/可做分享")))) | W98: =IF($P98="是",COUNTIF($P$2:$P98,"是"),"")
A99: 专业能力 | B99: P02 | C99: AI Infra / Agent 能力 | D99: P02.03 | E99: 问数产品部署、配置与智能分析能力 | F99: P02.03.01 | G99: 问数平台部署 | H99: P4–P5 | I99: P02-M006 | J99: 完成或参与问数标准环境部署，覆盖 TDH / TDS 依赖、TDS 侧服务、Solar 服务、向量模型、大模型服务接入、端口、权限认证和基础服务状态验证；提交部署记录、服务状态截图、访问入口和基础连通性验证结果。 | K99: 24–40 | N99: =IF(OR(L99="",M99=""),"",MAX(0,M99-L99)) | S99: 未开始 | U99: 合并部署环境与依赖认知、标准部署 / 协助部署。 | V99: =IF(N99="","",IF(N99>=3,"年度重点专项",IF(N99=2,"季度重点补齐",IF(N99=1,"月度常规提升","保持观察/可做分享")))) | W99: =IF($P99="是",COUNTIF($P$2:$P99,"是"),"")
A100: 专业能力 | B100: P02 | C100: AI Infra / Agent 能力 | D100: P02.03 | E100: 问数产品部署、配置与智能分析能力 | F100: P02.03.02 | G100: 问数数据准备与语义建模能力 | H100: P4–P5 | I100: P02-M004、P02-M007 | J100: 基于样例数据完成数据源接入、元数据采集、主体模型、字段语义、枚举值、指标 / 标签、同义词、权限范围等配置；提交配置截图、语义建模说明和连通性验证。 | K100: 16–28 | N100: =IF(OR(L100="",M100=""),"",MAX(0,M100-L100)) | S100: 未开始 | V100: =IF(N100="","",IF(N100>=3,"年度重点专项",IF(N100=2,"季度重点补齐",IF(N100=1,"月度常规提升","保持观察/可做分享")))) | W100: =IF($P100="是",COUNTIF($P$2:$P100,"是"),"")
A101: 专业能力 | B101: P02 | C101: AI Infra / Agent 能力 | D101: P02.03 | E101: 问数产品部署、配置与智能分析能力 | F101: P02.03.03 | G101: 智能问答能力建设能力 | H101: P4–P5 | I101: P02-M004、P02-M005、P02-M007 | J101: 构造一组业务问题集，完成自然语言查询、NL2SQL、NL2INDEX、知识问答、指标问答、多轮澄清、问答纠错和提示词策略验证；提交问题集、生成 SQL 或指标结果、回答准确性验证和失败案例。 | K101: 16–28 | N101: =IF(OR(L101="",M101=""),"",MAX(0,M101-L101)) | S101: 未开始 | V101: =IF(N101="","",IF(N101>=3,"年度重点专项",IF(N101=2,"季度重点补齐",IF(N101=1,"月度常规提升","保持观察/可做分享")))) | W101: =IF($P101="是",COUNTIF($P$2:$P101,"是"),"")
A102: 专业能力 | B102: P02 | C102: AI Infra / Agent 能力 | D102: P02.03 | E102: 问数产品部署、配置与智能分析能力 | F102: P02.03.04 | G102: 智能分析与洞察交付能力 | H102: P5–P6 | I102: P02-M004、P02-M007 | J102: 基于一个业务主题完成从自然语言提问到图表 / 看板 / 数据下钻 / 洞察报告的 Demo，提交演示记录、截图、结果解释和人工校验说明。 | K102: 16–32 | N102: =IF(OR(L102="",M102=""),"",MAX(0,M102-L102)) | S102: 未开始 | V102: =IF(N102="","",IF(N102>=3,"年度重点专项",IF(N102=2,"季度重点补齐",IF(N102=1,"月度常规提升","保持观察/可做分享")))) | W102: =IF($P102="是",COUNTIF($P$2:$P102,"是"),"")
A103: 专业能力 | B103: P02 | C103: AI Infra / Agent 能力 | D103: P02.03 | E103: 问数产品部署、配置与智能分析能力 | F103: P02.03.05 | G103: 问数场景验证与优化能力 | H103: P6 | I103: P02-M005、P02-M004、P02-M006 | J103: 输出完整问数 POC 验证报告，包括测试目标、问题集、测试步骤、预期结果、实际结果、查询范围 / 权限 / 模型服务 / 结果一致性验证、问题清单和优化建议。 | K103: 24–40 | N103: =IF(OR(L103="",M103=""),"",MAX(0,M103-L103)) | S103: 未开始 | V103: =IF(N103="","",IF(N103>=3,"年度重点专项",IF(N103=2,"季度重点补齐",IF(N103=1,"月度常规提升","保持观察/可做分享")))) | W103: =IF($P103="是",COUNTIF($P$2:$P103,"是"),"")
A104: 专业能力 | B104: P02 | C104: AI Infra / Agent 能力 | D104: P02.04 | E104: Prompt / Context Engineering 与 AI Coding 方法能力 | F104: P02.04.01 | G104: Prompt 基础结构设计 | H104: P4 | I104: P02-M008 | J104: 使用角色、任务、上下文、约束、示例、输出格式、结构化输出等方法设计 Prompt，完成至少 3 类任务验证，提交 Prompt、输入、输出结果和修订记录。 | K104: 4–8 | N104: =IF(OR(L104="",M104=""),"",MAX(0,M104-L104)) | S104: 未开始 | U104: 结构化输出不再单列，合并到本项。 | V104: =IF(N104="","",IF(N104>=3,"年度重点专项",IF(N104=2,"季度重点补齐",IF(N104=1,"月度常规提升","保持观察/可做分享")))) | W104: =IF($P104="是",COUNTIF($P$2:$P104,"是"),"")
A105: 专业能力 | B105: P02 | C105: AI Infra / Agent 能力 | D105: P02.04 | E105: Prompt / Context Engineering 与 AI Coding 方法能力 | F105: P02.04.02 | G105: Context Engineering 方法 | H105: P4–P5 | I105: P02-M008 | J105: 围绕一个复杂任务完成资料选择、上下文组织、代码库 / 文档上下文注入、示例管理、输入结构设计、上下文压缩和约束控制；提交上下文组织方案、Prompt 和结果对比。 | K105: 6–12 | N105: =IF(OR(L105="",M105=""),"",MAX(0,M105-L105)) | S105: 未开始 | V105: =IF(N105="","",IF(N105>=3,"年度重点专项",IF(N105=2,"季度重点补齐",IF(N105=1,"月度常规提升","保持观察/可做分享")))) | W105: =IF($P105="是",COUNTIF($P$2:$P105,"是"),"")
A106: 专业能力 | B106: P02 | C106: AI Infra / Agent 能力 | D106: P02.04 | E106: Prompt / Context Engineering 与 AI Coding 方法能力 | F106: P02.04.03 | G106: 主流 AI Coding 工具认知与试用 | H106: P4 | I106: P02-M008 | J106: 理解并试用 Copilot 类、Cursor 类、Claude Code 类、代码 Agent、Repo-aware 工具等至少 2 类工具，完成同一小任务对比，提交工具适用边界、优缺点和试用结果。 | K106: 8–12 | N106: =IF(OR(L106="",M106=""),"",MAX(0,M106-L106)) | S106: 未开始 | V106: =IF(N106="","",IF(N106>=3,"年度重点专项",IF(N106=2,"季度重点补齐",IF(N106=1,"月度常规提升","保持观察/可做分享")))) | W106: =IF($P106="是",COUNTIF($P$2:$P106,"是"),"")
A107: 专业能力 | B107: P02 | C107: AI Infra / Agent 能力 | D107: P02.04 | E107: Prompt / Context Engineering 与 AI Coding 方法能力 | F107: P02.04.04 | G107: AI Coding 基础实践 | H107: P4 | I107: P02-M008 | J107: 使用 AI 辅助生成或优化 SQL、Shell、Python、Java、Go、测试用例、配置文件等至少 2 类产物，并在测试环境运行验证；提交代码 / 脚本、执行结果和问题修正记录。 | K107: 8–16 | N107: =IF(OR(L107="",M107=""),"",MAX(0,M107-L107)) | S107: 未开始 | V107: =IF(N107="","",IF(N107>=3,"年度重点专项",IF(N107=2,"季度重点补齐",IF(N107=1,"月度常规提升","保持观察/可做分享")))) | W107: =IF($P107="是",COUNTIF($P$2:$P107,"是"),"")
A108: 专业能力 | B108: P02 | C108: AI Infra / Agent 能力 | D108: P02.04 | E108: Prompt / Context Engineering 与 AI Coding 方法能力 | F108: P02.04.05 | G108: SDD / Spec-driven AI Coding | H108: P5 | I108: P02-M008 | J108: 先输出需求规格、接口、数据结构、边界条件、约束和验收标准，再使用 AI 辅助生成或修改代码；提交规格文档、AI 生成结果、运行结果和修订记录。 | K108: 12–20 | N108: =IF(OR(L108="",M108=""),"",MAX(0,M108-L108)) | S108: 未开始 | V108: =IF(N108="","",IF(N108>=3,"年度重点专项",IF(N108=2,"季度重点补齐",IF(N108=1,"月度常规提升","保持观察/可做分享")))) | W108: =IF($P108="是",COUNTIF($P$2:$P108,"是"),"")
A109: 专业能力 | B109: P02 | C109: AI Infra / Agent 能力 | D109: P02.04 | E109: Prompt / Context Engineering 与 AI Coding 方法能力 | F109: P02.04.06 | G109: TDD / BDD / Eval-driven AI Coding | H109: P5 | I109: P02-M008 | J109: 先定义测试用例、行为场景或评测用例，再使用 AI 编码、调试和优化；提交测试 / 行为 / 评测用例、代码、运行结果和失败修复记录。 | K109: 12–20 | N109: =IF(OR(L109="",M109=""),"",MAX(0,M109-L109)) | S109: 未开始 | V109: =IF(N109="","",IF(N109>=3,"年度重点专项",IF(N109=2,"季度重点补齐",IF(N109=1,"月度常规提升","保持观察/可做分享")))) | W109: =IF($P109="是",COUNTIF($P$2:$P109,"是"),"")
A110: 专业能力 | B110: P02 | C110: AI Infra / Agent 能力 | D110: P02.04 | E110: Prompt / Context Engineering 与 AI Coding 方法能力 | F110: P02.04.07 | G110: Agentic Coding 与代码库级任务实践 | H110: P5–P6 | I110: P02-M008 | J110: 使用代码 Agent 理解仓库、修改多文件、运行测试、修复报错，完成一个代码库级小任务；提交任务说明、变更文件清单、测试结果和回滚 / 风险说明。 | K110: 16–24 | N110: =IF(OR(L110="",M110=""),"",MAX(0,M110-L110)) | S110: 未开始 | V110: =IF(N110="","",IF(N110>=3,"年度重点专项",IF(N110=2,"季度重点补齐",IF(N110=1,"月度常规提升","保持观察/可做分享")))) | W110: =IF($P110="是",COUNTIF($P$2:$P110,"是"),"")
A111: 专业能力 | B111: P02 | C111: AI Infra / Agent 能力 | D111: P02.04 | E111: Prompt / Context Engineering 与 AI Coding 方法能力 | F111: P02.04.08 | G111: AI Code Review、调试、重构与质量治理 | H111: P5–P8 | I111: P02-M008 | J111: 对一段 AI 生成的 SQL / Python / Java / Go / Shell / 配置代码进行评审，覆盖规格一致性、正确性、可测试性、可维护性、安全性、性能、可观测性和工程规范；提交 Code Review 清单、问题列表、修改建议、重构前后对比、测试结果和最终可运行版本。 | K111: 16–32 | N111: =IF(OR(L111="",M111=""),"",MAX(0,M111-L111)) | S111: 未开始 | U111: P6 以上应沉淀评审清单、测试策略、质量门禁和团队规范。 | V111: =IF(N111="","",IF(N111>=3,"年度重点专项",IF(N111=2,"季度重点补齐",IF(N111=1,"月度常规提升","保持观察/可做分享")))) | W111: =IF($P111="是",COUNTIF($P$2:$P111,"是"),"")
A112: 专业能力 | B112: P02 | C112: AI Infra / Agent 能力 | D112: P02.05 | E112: 多模态与 AIGC 基础能力 | F112: P02.05.01 | G112: 多模态与 AIGC 技术体系认知 | H112: P4 | I112: P02-M001、P02-M008 | J112: 输出多模态能力图谱，说明文本、图像、文档、表格、图表、音频、视频之间的输入 / 输出关系、典型工具、适用场景和主要限制。 | K112: 4–8 | N112: =IF(OR(L112="",M112=""),"",MAX(0,M112-L112)) | S112: 未开始 | V112: =IF(N112="","",IF(N112>=3,"年度重点专项",IF(N112=2,"季度重点补齐",IF(N112=1,"月度常规提升","保持观察/可做分享")))) | W112: =IF($P112="是",COUNTIF($P$2:$P112,"是"),"")
A113: 专业能力 | B113: P02 | C113: AI Infra / Agent 能力 | D113: P02.05 | E113: 多模态与 AIGC 基础能力 | F113: P02.05.02 | G113: 图像理解、生成与编辑能力 | H113: P4 | I113: P02-M008 | J113: 围绕截图理解、OCR、流程图解析、图片问答、生图、图片编辑、风格控制、方案配图完成一组 Demo；提交输入图片 / Prompt、生成或识别结果、人工校验和修订记录。 | K113: 8–16 | N113: =IF(OR(L113="",M113=""),"",MAX(0,M113-L113)) | S113: 未开始 | U113: 合并图像理解与图像生成。 | V113: =IF(N113="","",IF(N113>=3,"年度重点专项",IF(N113=2,"季度重点补齐",IF(N113=1,"月度常规提升","保持观察/可做分享")))) | W113: =IF($P113="是",COUNTIF($P$2:$P113,"是"),"")
A114: 专业能力 | B114: P02 | C114: AI Infra / Agent 能力 | D114: P02.05 | E114: 多模态与 AIGC 基础能力 | F114: P02.05.03 | G114: 文档、表格与图表理解生成能力 | H114: P4–P5 | I114: P02-M008 | J114: 对 PDF / Word / Excel / 图表 / 截图表格进行识别、提取、结构化、摘要、重排或内容生成；提交原始材料、结构化结果、校验记录和可交付版本。 | K114: 8–16 | N114: =IF(OR(L114="",M114=""),"",MAX(0,M114-L114)) | S114: 未开始 | V114: =IF(N114="","",IF(N114>=3,"年度重点专项",IF(N114=2,"季度重点补齐",IF(N114=1,"月度常规提升","保持观察/可做分享")))) | W114: =IF($P114="是",COUNTIF($P$2:$P114,"是"),"")
...

Sheet 03_年度学习计划
A1: 计划编号 | B1: 季度 | C1: 月份 | D1: 能力编码 | E1: 三级能力项 | F1: 一级能力域 | G1: 二级能力项 | H1: 当前掌握度 | I1: 目标掌握度 | J1: 差距 | K1: 优先级 | L1: 学习材料 | M1: 学习任务 / 实操内容 | N1: 预期输出 / 验收方式 | O1: 预计耗时(h) | P1: 计划开始 | Q1: 计划截止 | R1: 实际耗时(h) | S1: 状态 | T1: 证据链接 / 文件 | U1: 复盘结论 | V1: 备注
A2: =IF($D2="","","LP"&TEXT(ROWS($A$2:A2),"000")) | B2: =IF($D2="","",IFERROR(INDEX('02_能力差距自评'!$Q:$Q,MATCH($D2,'02_能力差距自评'!$F:$F,0)),"")) | C2: =IF($D2="","",IFERROR(INDEX('02_能力差距自评'!$R:$R,MATCH($D2,'02_能力差距自评'!$F:$F,0)),"")) | D2: =IFERROR(INDEX('02_能力差距自评'!$F$2:$F$311,MATCH(ROWS($D$2:D2),'02_能力差距自评'!$W$2:$W$311,0)),"") | E2: =IF($D2="","",INDEX('02_能力差距自评'!$G:$G,MATCH($D2,'02_能力差距自评'!$F:$F,0))) | F2: =IF($D2="","",INDEX('02_能力差距自评'!$C:$C,MATCH($D2,'02_能力差距自评'!$F:$F,0))) | G2: =IF($D2="","",INDEX('02_能力差距自评'!$E:$E,MATCH($D2,'02_能力差距自评'!$F:$F,0))) | H2: =IF($D2="","",INDEX('02_能力差距自评'!$L:$L,MATCH($D2,'02_能力差距自评'!$F:$F,0))) | I2: =IF($D2="","",INDEX('02_能力差距自评'!$M:$M,MATCH($D2,'02_能力差距自评'!$F:$F,0))) | J2: =IF($D2="","",INDEX('02_能力差距自评'!$N:$N,MATCH($D2,'02_能力差距自评'!$F:$F,0))) | K2: =IF($D2="","",INDEX('02_能力差距自评'!$O:$O,MATCH($D2,'02_能力差距自评'!$F:$F,0))) | L2: =IF($D2="","",INDEX('02_能力差距自评'!$I:$I,MATCH($D2,'02_能力差距自评'!$F:$F,0))) | M2: =IF($D2="","",$E2) | N2: =IF($D2="","",INDEX('02_能力差距自评'!$J:$J,MATCH($D2,'02_能力差距自评'!$F:$F,0))) | O2: =IF($D2="","",INDEX('02_能力差距自评'!$K:$K,MATCH($D2,'02_能力差距自评'!$F:$F,0))) | S2: =IF($D2="","","未开始")
A3: =IF($D3="","","LP"&TEXT(ROWS($A$2:A3),"000")) | B3: =IF($D3="","",IFERROR(INDEX('02_能力差距自评'!$Q:$Q,MATCH($D3,'02_能力差距自评'!$F:$F,0)),"")) | C3: =IF($D3="","",IFERROR(INDEX('02_能力差距自评'!$R:$R,MATCH($D3,'02_能力差距自评'!$F:$F,0)),"")) | D3: =IFERROR(INDEX('02_能力差距自评'!$F$2:$F$311,MATCH(ROWS($D$2:D3),'02_能力差距自评'!$W$2:$W$311,0)),"") | E3: =IF($D3="","",INDEX('02_能力差距自评'!$G:$G,MATCH($D3,'02_能力差距自评'!$F:$F,0))) | F3: =IF($D3="","",INDEX('02_能力差距自评'!$C:$C,MATCH($D3,'02_能力差距自评'!$F:$F,0))) | G3: =IF($D3="","",INDEX('02_能力差距自评'!$E:$E,MATCH($D3,'02_能力差距自评'!$F:$F,0))) | H3: =IF($D3="","",INDEX('02_能力差距自评'!$L:$L,MATCH($D3,'02_能力差距自评'!$F:$F,0))) | I3: =IF($D3="","",INDEX('02_能力差距自评'!$M:$M,MATCH($D3,'02_能力差距自评'!$F:$F,0))) | J3: =IF($D3="","",INDEX('02_能力差距自评'!$N:$N,MATCH($D3,'02_能力差距自评'!$F:$F,0))) | K3: =IF($D3="","",INDEX('02_能力差距自评'!$O:$O,MATCH($D3,'02_能力差距自评'!$F:$F,0))) | L3: =IF($D3="","",INDEX('02_能力差距自评'!$I:$I,MATCH($D3,'02_能力差距自评'!$F:$F,0))) | M3: =IF($D3="","",$E3) | N3: =IF($D3="","",INDEX('02_能力差距自评'!$J:$J,MATCH($D3,'02_能力差距自评'!$F:$F,0))) | O3: =IF($D3="","",INDEX('02_能力差距自评'!$K:$K,MATCH($D3,'02_能力差距自评'!$F:$F,0))) | S3: =IF($D3="","","未开始")
A4: =IF($D4="","","LP"&TEXT(ROWS($A$2:A4),"000")) | B4: =IF($D4="","",IFERROR(INDEX('02_能力差距自评'!$Q:$Q,MATCH($D4,'02_能力差距自评'!$F:$F,0)),"")) | C4: =IF($D4="","",IFERROR(INDEX('02_能力差距自评'!$R:$R,MATCH($D4,'02_能力差距自评'!$F:$F,0)),"")) | D4: =IFERROR(INDEX('02_能力差距自评'!$F$2:$F$311,MATCH(ROWS($D$2:D4),'02_能力差距自评'!$W$2:$W$311,0)),"") | E4: =IF($D4="","",INDEX('02_能力差距自评'!$G:$G,MATCH($D4,'02_能力差距自评'!$F:$F,0))) | F4: =IF($D4="","",INDEX('02_能力差距自评'!$C:$C,MATCH($D4,'02_能力差距自评'!$F:$F,0))) | G4: =IF($D4="","",INDEX('02_能力差距自评'!$E:$E,MATCH($D4,'02_能力差距自评'!$F:$F,0))) | H4: =IF($D4="","",INDEX('02_能力差距自评'!$L:$L,MATCH($D4,'02_能力差距自评'!$F:$F,0))) | I4: =IF($D4="","",INDEX('02_能力差距自评'!$M:$M,MATCH($D4,'02_能力差距自评'!$F:$F,0))) | J4: =IF($D4="","",INDEX('02_能力差距自评'!$N:$N,MATCH($D4,'02_能力差距自评'!$F:$F,0))) | K4: =IF($D4="","",INDEX('02_能力差距自评'!$O:$O,MATCH($D4,'02_能力差距自评'!$F:$F,0))) | L4: =IF($D4="","",INDEX('02_能力差距自评'!$I:$I,MATCH($D4,'02_能力差距自评'!$F:$F,0))) | M4: =IF($D4="","",$E4) | N4: =IF($D4="","",INDEX('02_能力差距自评'!$J:$J,MATCH($D4,'02_能力差距自评'!$F:$F,0))) | O4: =IF($D4="","",INDEX('02_能力差距自评'!$K:$K,MATCH($D4,'02_能力差距自评'!$F:$F,0))) | S4: =IF($D4="","","未开始")
A5: =IF($D5="","","LP"&TEXT(ROWS($A$2:A5),"000")) | B5: =IF($D5="","",IFERROR(INDEX('02_能力差距自评'!$Q:$Q,MATCH($D5,'02_能力差距自评'!$F:$F,0)),"")) | C5: =IF($D5="","",IFERROR(INDEX('02_能力差距自评'!$R:$R,MATCH($D5,'02_能力差距自评'!$F:$F,0)),"")) | D5: =IFERROR(INDEX('02_能力差距自评'!$F$2:$F$311,MATCH(ROWS($D$2:D5),'02_能力差距自评'!$W$2:$W$311,0)),"") | E5: =IF($D5="","",INDEX('02_能力差距自评'!$G:$G,MATCH($D5,'02_能力差距自评'!$F:$F,0))) | F5: =IF($D5="","",INDEX('02_能力差距自评'!$C:$C,MATCH($D5,'02_能力差距自评'!$F:$F,0))) | G5: =IF($D5="","",INDEX('02_能力差距自评'!$E:$E,MATCH($D5,'02_能力差距自评'!$F:$F,0))) | H5: =IF($D5="","",INDEX('02_能力差距自评'!$L:$L,MATCH($D5,'02_能力差距自评'!$F:$F,0))) | I5: =IF($D5="","",INDEX('02_能力差距自评'!$M:$M,MATCH($D5,'02_能力差距自评'!$F:$F,0))) | J5: =IF($D5="","",INDEX('02_能力差距自评'!$N:$N,MATCH($D5,'02_能力差距自评'!$F:$F,0))) | K5: =IF($D5="","",INDEX('02_能力差距自评'!$O:$O,MATCH($D5,'02_能力差距自评'!$F:$F,0))) | L5: =IF($D5="","",INDEX('02_能力差距自评'!$I:$I,MATCH($D5,'02_能力差距自评'!$F:$F,0))) | M5: =IF($D5="","",$E5) | N5: =IF($D5="","",INDEX('02_能力差距自评'!$J:$J,MATCH($D5,'02_能力差距自评'!$F:$F,0))) | O5: =IF($D5="","",INDEX('02_能力差距自评'!$K:$K,MATCH($D5,'02_能力差距自评'!$F:$F,0))) | S5: =IF($D5="","","未开始")
A6: =IF($D6="","","LP"&TEXT(ROWS($A$2:A6),"000")) | B6: =IF($D6="","",IFERROR(INDEX('02_能力差距自评'!$Q:$Q,MATCH($D6,'02_能力差距自评'!$F:$F,0)),"")) | C6: =IF($D6="","",IFERROR(INDEX('02_能力差距自评'!$R:$R,MATCH($D6,'02_能力差距自评'!$F:$F,0)),"")) | D6: =IFERROR(INDEX('02_能力差距自评'!$F$2:$F$311,MATCH(ROWS($D$2:D6),'02_能力差距自评'!$W$2:$W$311,0)),"") | E6: =IF($D6="","",INDEX('02_能力差距自评'!$G:$G,MATCH($D6,'02_能力差距自评'!$F:$F,0))) | F6: =IF($D6="","",INDEX('02_能力差距自评'!$C:$C,MATCH($D6,'02_能力差距自评'!$F:$F,0))) | G6: =IF($D6="","",INDEX('02_能力差距自评'!$E:$E,MATCH($D6,'02_能力差距自评'!$F:$F,0))) | H6: =IF($D6="","",INDEX('02_能力差距自评'!$L:$L,MATCH($D6,'02_能力差距自评'!$F:$F,0))) | I6: =IF($D6="","",INDEX('02_能力差距自评'!$M:$M,MATCH($D6,'02_能力差距自评'!$F:$F,0))) | J6: =IF($D6="","",INDEX('02_能力差距自评'!$N:$N,MATCH($D6,'02_能力差距自评'!$F:$F,0))) | K6: =IF($D6="","",INDEX('02_能力差距自评'!$O:$O,MATCH($D6,'02_能力差距自评'!$F:$F,0))) | L6: =IF($D6="","",INDEX('02_能力差距自评'!$I:$I,MATCH($D6,'02_能力差距自评'!$F:$F,0))) | M6: =IF($D6="","",$E6) | N6: =IF($D6="","",INDEX('02_能力差距自评'!$J:$J,MATCH($D6,'02_能力差距自评'!$F:$F,0))) | O6: =IF($D6="","",INDEX('02_能力差距自评'!$K:$K,MATCH($D6,'02_能力差距自评'!$F:$F,0))) | S6: =IF($D6="","","未开始")
A7: =IF($D7="","","LP"&TEXT(ROWS($A$2:A7),"000")) | B7: =IF($D7="","",IFERROR(INDEX('02_能力差距自评'!$Q:$Q,MATCH($D7,'02_能力差距自评'!$F:$F,0)),"")) | C7: =IF($D7="","",IFERROR(INDEX('02_能力差距自评'!$R:$R,MATCH($D7,'02_能力差距自评'!$F:$F,0)),"")) | D7: =IFERROR(INDEX('02_能力差距自评'!$F$2:$F$311,MATCH(ROWS($D$2:D7),'02_能力差距自评'!$W$2:$W$311,0)),"") | E7: =IF($D7="","",INDEX('02_能力差距自评'!$G:$G,MATCH($D7,'02_能力差距自评'!$F:$F,0))) | F7: =IF($D7="","",INDEX('02_能力差距自评'!$C:$C,MATCH($D7,'02_能力差距自评'!$F:$F,0))) | G7: =IF($D7="","",INDEX('02_能力差距自评'!$E:$E,MATCH($D7,'02_能力差距自评'!$F:$F,0))) | H7: =IF($D7="","",INDEX('02_能力差距自评'!$L:$L,MATCH($D7,'02_能力差距自评'!$F:$F,0))) | I7: =IF($D7="","",INDEX('02_能力差距自评'!$M:$M,MATCH($D7,'02_能力差距自评'!$F:$F,0))) | J7: =IF($D7="","",INDEX('02_能力差距自评'!$N:$N,MATCH($D7,'02_能力差距自评'!$F:$F,0))) | K7: =IF($D7="","",INDEX('02_能力差距自评'!$O:$O,MATCH($D7,'02_能力差距自评'!$F:$F,0))) | L7: =IF($D7="","",INDEX('02_能力差距自评'!$I:$I,MATCH($D7,'02_能力差距自评'!$F:$F,0))) | M7: =IF($D7="","",$E7) | N7: =IF($D7="","",INDEX('02_能力差距自评'!$J:$J,MATCH($D7,'02_能力差距自评'!$F:$F,0))) | O7: =IF($D7="","",INDEX('02_能力差距自评'!$K:$K,MATCH($D7,'02_能力差距自评'!$F:$F,0))) | S7: =IF($D7="","","未开始")
A8: =IF($D8="","","LP"&TEXT(ROWS($A$2:A8),"000")) | B8: =IF($D8="","",IFERROR(INDEX('02_能力差距自评'!$Q:$Q,MATCH($D8,'02_能力差距自评'!$F:$F,0)),"")) | C8: =IF($D8="","",IFERROR(INDEX('02_能力差距自评'!$R:$R,MATCH($D8,'02_能力差距自评'!$F:$F,0)),"")) | D8: =IFERROR(INDEX('02_能力差距自评'!$F$2:$F$311,MATCH(ROWS($D$2:D8),'02_能力差距自评'!$W$2:$W$311,0)),"") | E8: =IF($D8="","",INDEX('02_能力差距自评'!$G:$G,MATCH($D8,'02_能力差距自评'!$F:$F,0))) | F8: =IF($D8="","",INDEX('02_能力差距自评'!$C:$C,MATCH($D8,'02_能力差距自评'!$F:$F,0))) | G8: =IF($D8="","",INDEX('02_能力差距自评'!$E:$E,MATCH($D8,'02_能力差距自评'!$F:$F,0))) | H8: =IF($D8="","",INDEX('02_能力差距自评'!$L:$L,MATCH($D8,'02_能力差距自评'!$F:$F,0))) | I8: =IF($D8="","",INDEX('02_能力差距自评'!$M:$M,MATCH($D8,'02_能力差距自评'!$F:$F,0))) | J8: =IF($D8="","",INDEX('02_能力差距自评'!$N:$N,MATCH($D8,'02_能力差距自评'!$F:$F,0))) | K8: =IF($D8="","",INDEX('02_能力差距自评'!$O:$O,MATCH($D8,'02_能力差距自评'!$F:$F,0))) | L8: =IF($D8="","",INDEX('02_能力差距自评'!$I:$I,MATCH($D8,'02_能力差距自评'!$F:$F,0))) | M8: =IF($D8="","",$E8) | N8: =IF($D8="","",INDEX('02_能力差距自评'!$J:$J,MATCH($D8,'02_能力差距自评'!$F:$F,0))) | O8: =IF($D8="","",INDEX('02_能力差距自评'!$K:$K,MATCH($D8,'02_能力差距自评'!$F:$F,0))) | S8: =IF($D8="","","未开始")
A9: =IF($D9="","","LP"&TEXT(ROWS($A$2:A9),"000")) | B9: =IF($D9="","",IFERROR(INDEX('02_能力差距自评'!$Q:$Q,MATCH($D9,'02_能力差距自评'!$F:$F,0)),"")) | C9: =IF($D9="","",IFERROR(INDEX('02_能力差距自评'!$R:$R,MATCH($D9,'02_能力差距自评'!$F:$F,0)),"")) | D9: =IFERROR(INDEX('02_能力差距自评'!$F$2:$F$311,MATCH(ROWS($D$2:D9),'02_能力差距自评'!$W$2:$W$311,0)),"") | E9: =IF($D9="","",INDEX('02_能力差距自评'!$G:$G,MATCH($D9,'02_能力差距自评'!$F:$F,0))) | F9: =IF($D9="","",INDEX('02_能力差距自评'!$C:$C,MATCH($D9,'02_能力差距自评'!$F:$F,0))) | G9: =IF($D9="","",INDEX('02_能力差距自评'!$E:$E,MATCH($D9,'02_能力差距自评'!$F:$F,0))) | H9: =IF($D9="","",INDEX('02_能力差距自评'!$L:$L,MATCH($D9,'02_能力差距自评'!$F:$F,0))) | I9: =IF($D9="","",INDEX('02_能力差距自评'!$M:$M,MATCH($D9,'02_能力差距自评'!$F:$F,0))) | J9: =IF($D9="","",INDEX('02_能力差距自评'!$N:$N,MATCH($D9,'02_能力差距自评'!$F:$F,0))) | K9: =IF($D9="","",INDEX('02_能力差距自评'!$O:$O,MATCH($D9,'02_能力差距自评'!$F:$F,0))) | L9: =IF($D9="","",INDEX('02_能力差距自评'!$I:$I,MATCH($D9,'02_能力差距自评'!$F:$F,0))) | M9: =IF($D9="","",$E9) | N9: =IF($D9="","",INDEX('02_能力差距自评'!$J:$J,MATCH($D9,'02_能力差距自评'!$F:$F,0))) | O9: =IF($D9="","",INDEX('02_能力差距自评'!$K:$K,MATCH($D9,'02_能力差距自评'!$F:$F,0))) | S9: =IF($D9="","","未开始")
A10: =IF($D10="","","LP"&TEXT(ROWS($A$2:A10),"000")) | B10: =IF($D10="","",IFERROR(INDEX('02_能力差距自评'!$Q:$Q,MATCH($D10,'02_能力差距自评'!$F:$F,0)),"")) | C10: =IF($D10="","",IFERROR(INDEX('02_能力差距自评'!$R:$R,MATCH($D10,'02_能力差距自评'!$F:$F,0)),"")) | D10: =IFERROR(INDEX('02_能力差距自评'!$F$2:$F$311,MATCH(ROWS($D$2:D10),'02_能力差距自评'!$W$2:$W$311,0)),"") | E10: =IF($D10="","",INDEX('02_能力差距自评'!$G:$G,MATCH($D10,'02_能力差距自评'!$F:$F,0))) | F10: =IF($D10="","",INDEX('02_能力差距自评'!$C:$C,MATCH($D10,'02_能力差距自评'!$F:$F,0))) | G10: =IF($D10="","",INDEX('02_能力差距自评'!$E:$E,MATCH($D10,'02_能力差距自评'!$F:$F,0))) | H10: =IF($D10="","",INDEX('02_能力差距自评'!$L:$L,MATCH($D10,'02_能力差距自评'!$F:$F,0))) | I10: =IF($D10="","",INDEX('02_能力差距自评'!$M:$M,MATCH($D10,'02_能力差距自评'!$F:$F,0))) | J10: =IF($D10="","",INDEX('02_能力差距自评'!$N:$N,MATCH($D10,'02_能力差距自评'!$F:$F,0))) | K10: =IF($D10="","",INDEX('02_能力差距自评'!$O:$O,MATCH($D10,'02_能力差距自评'!$F:$F,0))) | L10: =IF($D10="","",INDEX('02_能力差距自评'!$I:$I,MATCH($D10,'02_能力差距自评'!$F:$F,0))) | M10: =IF($D10="","",$E10) | N10: =IF($D10="","",INDEX('02_能力差距自评'!$J:$J,MATCH($D10,'02_能力差距自评'!$F:$F,0))) | O10: =IF($D10="","",INDEX('02_能力差距自评'!$K:$K,MATCH($D10,'02_能力差距自评'!$F:$F,0))) | S10: =IF($D10="","","未开始")
A11: =IF($D11="","","LP"&TEXT(ROWS($A$2:A11),"000")) | B11: =IF($D11="","",IFERROR(INDEX('02_能力差距自评'!$Q:$Q,MATCH($D11,'02_能力差距自评'!$F:$F,0)),"")) | C11: =IF($D11="","",IFERROR(INDEX('02_能力差距自评'!$R:$R,MATCH($D11,'02_能力差距自评'!$F:$F,0)),"")) | D11: =IFERROR(INDEX('02_能力差距自评'!$F$2:$F$311,MATCH(ROWS($D$2:D11),'02_能力差距自评'!$W$2:$W$311,0)),"") | E11: =IF($D11="","",INDEX('02_能力差距自评'!$G:$G,MATCH($D11,'02_能力差距自评'!$F:$F,0))) | F11: =IF($D11="","",INDEX('02_能力差距自评'!$C:$C,MATCH($D11,'02_能力差距自评'!$F:$F,0))) | G11: =IF($D11="","",INDEX('02_能力差距自评'!$E:$E,MATCH($D11,'02_能力差距自评'!$F:$F,0))) | H11: =IF($D11="","",INDEX('02_能力差距自评'!$L:$L,MATCH($D11,'02_能力差距自评'!$F:$F,0))) | I11: =IF($D11="","",INDEX('02_能力差距自评'!$M:$M,MATCH($D11,'02_能力差距自评'!$F:$F,0))) | J11: =IF($D11="","",INDEX('02_能力差距自评'!$N:$N,MATCH($D11,'02_能力差距自评'!$F:$F,0))) | K11: =IF($D11="","",INDEX('02_能力差距自评'!$O:$O,MATCH($D11,'02_能力差距自评'!$F:$F,0))) | L11: =IF($D11="","",INDEX('02_能力差距自评'!$I:$I,MATCH($D11,'02_能力差距自评'!$F:$F,0))) | M11: =IF($D11="","",$E11) | N11: =IF($D11="","",INDEX('02_能力差距自评'!$J:$J,MATCH($D11,'02_能力差距自评'!$F:$F,0))) | O11: =IF($D11="","",INDEX('02_能力差距自评'!$K:$K,MATCH($D11,'02_能力差距自评'!$F:$F,0))) | S11: =IF($D11="","","未开始")
A12: =IF($D12="","","LP"&TEXT(ROWS($A$2:A12),"000")) | B12: =IF($D12="","",IFERROR(INDEX('02_能力差距自评'!$Q:$Q,MATCH($D12,'02_能力差距自评'!$F:$F,0)),"")) | C12: =IF($D12="","",IFERROR(INDEX('02_能力差距自评'!$R:$R,MATCH($D12,'02_能力差距自评'!$F:$F,0)),"")) | D12: =IFERROR(INDEX('02_能力差距自评'!$F$2:$F$311,MATCH(ROWS($D$2:D12),'02_能力差距自评'!$W$2:$W$311,0)),"") | E12: =IF($D12="","",INDEX('02_能力差距自评'!$G:$G,MATCH($D12,'02_能力差距自评'!$F:$F,0))) | F12: =IF($D12="","",INDEX('02_能力差距自评'!$C:$C,MATCH($D12,'02_能力差距自评'!$F:$F,0))) | G12: =IF($D12="","",INDEX('02_能力差距自评'!$E:$E,MATCH($D12,'02_能力差距自评'!$F:$F,0))) | H12: =IF($D12="","",INDEX('02_能力差距自评'!$L:$L,MATCH($D12,'02_能力差距自评'!$F:$F,0))) | I12: =IF($D12="","",INDEX('02_能力差距自评'!$M:$M,MATCH($D12,'02_能力差距自评'!$F:$F,0))) | J12: =IF($D12="","",INDEX('02_能力差距自评'!$N:$N,MATCH($D12,'02_能力差距自评'!$F:$F,0))) | K12: =IF($D12="","",INDEX('02_能力差距自评'!$O:$O,MATCH($D12,'02_能力差距自评'!$F:$F,0))) | L12: =IF($D12="","",INDEX('02_能力差距自评'!$I:$I,MATCH($D12,'02_能力差距自评'!$F:$F,0))) | M12: =IF($D12="","",$E12) | N12: =IF($D12="","",INDEX('02_能力差距自评'!$J:$J,MATCH($D12,'02_能力差距自评'!$F:$F,0))) | O12: =IF($D12="","",INDEX('02_能力差距自评'!$K:$K,MATCH($D12,'02_能力差距自评'!$F:$F,0))) | S12: =IF($D12="","","未开始")
A13: =IF($D13="","","LP"&TEXT(ROWS($A$2:A13),"000")) | B13: =IF($D13="","",IFERROR(INDEX('02_能力差距自评'!$Q:$Q,MATCH($D13,'02_能力差距自评'!$F:$F,0)),"")) | C13: =IF($D13="","",IFERROR(INDEX('02_能力差距自评'!$R:$R,MATCH($D13,'02_能力差距自评'!$F:$F,0)),"")) | D13: =IFERROR(INDEX('02_能力差距自评'!$F$2:$F$311,MATCH(ROWS($D$2:D13),'02_能力差距自评'!$W$2:$W$311,0)),"") | E13: =IF($D13="","",INDEX('02_能力差距自评'!$G:$G,MATCH($D13,'02_能力差距自评'!$F:$F,0))) | F13: =IF($D13="","",INDEX('02_能力差距自评'!$C:$C,MATCH($D13,'02_能力差距自评'!$F:$F,0))) | G13: =IF($D13="","",INDEX('02_能力差距自评'!$E:$E,MATCH($D13,'02_能力差距自评'!$F:$F,0))) | H13: =IF($D13="","",INDEX('02_能力差距自评'!$L:$L,MATCH($D13,'02_能力差距自评'!$F:$F,0))) | I13: =IF($D13="","",INDEX('02_能力差距自评'!$M:$M,MATCH($D13,'02_能力差距自评'!$F:$F,0))) | J13: =IF($D13="","",INDEX('02_能力差距自评'!$N:$N,MATCH($D13,'02_能力差距自评'!$F:$F,0))) | K13: =IF($D13="","",INDEX('02_能力差距自评'!$O:$O,MATCH($D13,'02_能力差距自评'!$F:$F,0))) | L13: =IF($D13="","",INDEX('02_能力差距自评'!$I:$I,MATCH($D13,'02_能力差距自评'!$F:$F,0))) | M13: =IF($D13="","",$E13) | N13: =IF($D13="","",INDEX('02_能力差距自评'!$J:$J,MATCH($D13,'02_能力差距自评'!$F:$F,0))) | O13: =IF($D13="","",INDEX('02_能力差距自评'!$K:$K,MATCH($D13,'02_能力差距自评'!$F:$F,0))) | S13: =IF($D13="","","未开始")
... A350: =IF($D350="","","LP"&TEXT(ROWS($A$2:A350),"000")) | B350: =IF($D350="","",IFERROR(INDEX('02_能力差距自评'!$Q:$Q,MATCH($D350,'02_能力差距自评'!$F:$F,0)),"")) | C350: =IF($D350="","",IFERROR(INDEX('02_能力差距自评'!$R:$R,MATCH($D350,'02_能力差距自评'!$F:$F,0)),"")) | D350: =IFERROR(INDEX('02_能力差距自评'!$F$2:$F$311,MATCH(ROWS($D$2:D350),'02_能力差距自评'!$W$2:$W$311,0)),"") | E350: =IF($D350="","",INDEX('02_能力差距自评'!$G:$G,MATCH($D350,'02_能力差距自评'!$F:$F,0))) | F350: =IF($D350="","",INDEX('02_能力差距自评'!$C:$C,MATCH($D350,'02_能力差距自评'!$F:$F,0))) | G350: =IF($D350="","",INDEX('02_能力差距自评'!$E:$E,MATCH($D350,'02_能力差距自评'!$F:$F,0))) | H350: =IF($D350="","",INDEX('02_能力差距自评'!$L:$L,MATCH($D350,'02_能力差距自评'!$F:$F,0))) | I350: =IF($D350="","",INDEX('02_能力差距自评'!$M:$M,MATCH($D350,'02_能力差距自评'!$F:$F,0))) | J350: =IF($D350="","",INDEX('02_能力差距自评'!$N:$N,MATCH($D350,'02_能力差距自评'!$F:$F,0))) | K350: =IF($D350="","",INDEX('02_能力差距自评'!$O:$O,MATCH($D350,'02_能力差距自评'!$F:$F,0))) | L350: =IF($D350="","",INDEX('02_能力差距自评'!$I:$I,MATCH($D350,'02_能力差距自评'!$F:$F,0))) | M350: =IF($D350="","",$E350) | N350: =IF($D350="","",INDEX('02_能力差距自评'!$J:$J,MATCH($D350,'02_能力差距自评'!$F:$F,0))) | O350: =IF($D350="","",INDEX('02_能力差距自评'!$K:$K,MATCH($D350,'02_能力差距自评'!$F:$F,0))) | S350: =IF($D350="","","未开始")

Sheet 04_学习执行跟踪
A1: 计划编号 | B1: 能力编码 | C1: 一级能力域 | D1: 二级能力项 | E1: 三级能力项 | F1: 学习材料 | G1: 预期输出 / 验收方式 | H1: 预计耗时(h) | I1: 计划开始 | J1: 计划截止 | K1: 年度计划状态 | L1: 执行状态 | M1: 实际开始 | N1: 实际完成 | O1: 实际耗时(h) | P1: 证据链接 / 文件 | Q1: 完成质量 | R1: 复盘结论 | S1: 下步动作 | T1: 备注
A2: =IF('03_年度学习计划'!$A2="","",'03_年度学习计划'!$A2) | B2: =IF($A2="","",'03_年度学习计划'!$D2) | C2: =IF($A2="","",'03_年度学习计划'!$F2) | D2: =IF($A2="","",'03_年度学习计划'!$G2) | E2: =IF($A2="","",'03_年度学习计划'!$E2) | F2: =IF($A2="","",'03_年度学习计划'!$L2) | G2: =IF($A2="","",'03_年度学习计划'!$N2) | H2: =IF($A2="","",'03_年度学习计划'!$O2) | I2: =IF($A2="","",'03_年度学习计划'!$P2) | J2: =IF($A2="","",'03_年度学习计划'!$Q2) | K2: =IF($A2="","",'03_年度学习计划'!$S2) | L2: =IF($A2="","","未开始")
A3: =IF('03_年度学习计划'!$A3="","",'03_年度学习计划'!$A3) | B3: =IF($A3="","",'03_年度学习计划'!$D3) | C3: =IF($A3="","",'03_年度学习计划'!$F3) | D3: =IF($A3="","",'03_年度学习计划'!$G3) | E3: =IF($A3="","",'03_年度学习计划'!$E3) | F3: =IF($A3="","",'03_年度学习计划'!$L3) | G3: =IF($A3="","",'03_年度学习计划'!$N3) | H3: =IF($A3="","",'03_年度学习计划'!$O3) | I3: =IF($A3="","",'03_年度学习计划'!$P3) | J3: =IF($A3="","",'03_年度学习计划'!$Q3) | K3: =IF($A3="","",'03_年度学习计划'!$S3) | L3: =IF($A3="","","未开始")
A4: =IF('03_年度学习计划'!$A4="","",'03_年度学习计划'!$A4) | B4: =IF($A4="","",'03_年度学习计划'!$D4) | C4: =IF($A4="","",'03_年度学习计划'!$F4) | D4: =IF($A4="","",'03_年度学习计划'!$G4) | E4: =IF($A4="","",'03_年度学习计划'!$E4) | F4: =IF($A4="","",'03_年度学习计划'!$L4) | G4: =IF($A4="","",'03_年度学习计划'!$N4) | H4: =IF($A4="","",'03_年度学习计划'!$O4) | I4: =IF($A4="","",'03_年度学习计划'!$P4) | J4: =IF($A4="","",'03_年度学习计划'!$Q4) | K4: =IF($A4="","",'03_年度学习计划'!$S4) | L4: =IF($A4="","","未开始")
A5: =IF('03_年度学习计划'!$A5="","",'03_年度学习计划'!$A5) | B5: =IF($A5="","",'03_年度学习计划'!$D5) | C5: =IF($A5="","",'03_年度学习计划'!$F5) | D5: =IF($A5="","",'03_年度学习计划'!$G5) | E5: =IF($A5="","",'03_年度学习计划'!$E5) | F5: =IF($A5="","",'03_年度学习计划'!$L5) | G5: =IF($A5="","",'03_年度学习计划'!$N5) | H5: =IF($A5="","",'03_年度学习计划'!$O5) | I5: =IF($A5="","",'03_年度学习计划'!$P5) | J5: =IF($A5="","",'03_年度学习计划'!$Q5) | K5: =IF($A5="","",'03_年度学习计划'!$S5) | L5: =IF($A5="","","未开始")
A6: =IF('03_年度学习计划'!$A6="","",'03_年度学习计划'!$A6) | B6: =IF($A6="","",'03_年度学习计划'!$D6) | C6: =IF($A6="","",'03_年度学习计划'!$F6) | D6: =IF($A6="","",'03_年度学习计划'!$G6) | E6: =IF($A6="","",'03_年度学习计划'!$E6) | F6: =IF($A6="","",'03_年度学习计划'!$L6) | G6: =IF($A6="","",'03_年度学习计划'!$N6) | H6: =IF($A6="","",'03_年度学习计划'!$O6) | I6: =IF($A6="","",'03_年度学习计划'!$P6) | J6: =IF($A6="","",'03_年度学习计划'!$Q6) | K6: =IF($A6="","",'03_年度学习计划'!$S6) | L6: =IF($A6="","","未开始")
A7: =IF('03_年度学习计划'!$A7="","",'03_年度学习计划'!$A7) | B7: =IF($A7="","",'03_年度学习计划'!$D7) | C7: =IF($A7="","",'03_年度学习计划'!$F7) | D7: =IF($A7="","",'03_年度学习计划'!$G7) | E7: =IF($A7="","",'03_年度学习计划'!$E7) | F7: =IF($A7="","",'03_年度学习计划'!$L7) | G7: =IF($A7="","",'03_年度学习计划'!$N7) | H7: =IF($A7="","",'03_年度学习计划'!$O7) | I7: =IF($A7="","",'03_年度学习计划'!$P7) | J7: =IF($A7="","",'03_年度学习计划'!$Q7) | K7: =IF($A7="","",'03_年度学习计划'!$S7) | L7: =IF($A7="","","未开始")
A8: =IF('03_年度学习计划'!$A8="","",'03_年度学习计划'!$A8) | B8: =IF($A8="","",'03_年度学习计划'!$D8) | C8: =IF($A8="","",'03_年度学习计划'!$F8) | D8: =IF($A8="","",'03_年度学习计划'!$G8) | E8: =IF($A8="","",'03_年度学习计划'!$E8) | F8: =IF($A8="","",'03_年度学习计划'!$L8) | G8: =IF($A8="","",'03_年度学习计划'!$N8) | H8: =IF($A8="","",'03_年度学习计划'!$O8) | I8: =IF($A8="","",'03_年度学习计划'!$P8) | J8: =IF($A8="","",'03_年度学习计划'!$Q8) | K8: =IF($A8="","",'03_年度学习计划'!$S8) | L8: =IF($A8="","","未开始")
A9: =IF('03_年度学习计划'!$A9="","",'03_年度学习计划'!$A9) | B9: =IF($A9="","",'03_年度学习计划'!$D9) | C9: =IF($A9="","",'03_年度学习计划'!$F9) | D9: =IF($A9="","",'03_年度学习计划'!$G9) | E9: =IF($A9="","",'03_年度学习计划'!$E9) | F9: =IF($A9="","",'03_年度学习计划'!$L9) | G9: =IF($A9="","",'03_年度学习计划'!$N9) | H9: =IF($A9="","",'03_年度学习计划'!$O9) | I9: =IF($A9="","",'03_年度学习计划'!$P9) | J9: =IF($A9="","",'03_年度学习计划'!$Q9) | K9: =IF($A9="","",'03_年度学习计划'!$S9) | L9: =IF($A9="","","未开始")
A10: =IF('03_年度学习计划'!$A10="","",'03_年度学习计划'!$A10) | B10: =IF($A10="","",'03_年度学习计划'!$D10) | C10: =IF($A10="","",'03_年度学习计划'!$F10) | D10: =IF($A10="","",'03_年度学习计划'!$G10) | E10: =IF($A10="","",'03_年度学习计划'!$E10) | F10: =IF($A10="","",'03_年度学习计划'!$L10) | G10: =IF($A10="","",'03_年度学习计划'!$N10) | H10: =IF($A10="","",'03_年度学习计划'!$O10) | I10: =IF($A10="","",'03_年度学习计划'!$P10) | J10: =IF($A10="","",'03_年度学习计划'!$Q10) | K10: =IF($A10="","",'03_年度学习计划'!$S10) | L10: =IF($A10="","","未开始")
A11: =IF('03_年度学习计划'!$A11="","",'03_年度学习计划'!$A11) | B11: =IF($A11="","",'03_年度学习计划'!$D11) | C11: =IF($A11="","",'03_年度学习计划'!$F11) | D11: =IF($A11="","",'03_年度学习计划'!$G11) | E11: =IF($A11="","",'03_年度学习计划'!$E11) | F11: =IF($A11="","",'03_年度学习计划'!$L11) | G11: =IF($A11="","",'03_年度学习计划'!$N11) | H11: =IF($A11="","",'03_年度学习计划'!$O11) | I11: =IF($A11="","",'03_年度学习计划'!$P11) | J11: =IF($A11="","",'03_年度学习计划'!$Q11) | K11: =IF($A11="","",'03_年度学习计划'!$S11) | L11: =IF($A11="","","未开始")
A12: =IF('03_年度学习计划'!$A12="","",'03_年度学习计划'!$A12) | B12: =IF($A12="","",'03_年度学习计划'!$D12) | C12: =IF($A12="","",'03_年度学习计划'!$F12) | D12: =IF($A12="","",'03_年度学习计划'!$G12) | E12: =IF($A12="","",'03_年度学习计划'!$E12) | F12: =IF($A12="","",'03_年度学习计划'!$L12) | G12: =IF($A12="","",'03_年度学习计划'!$N12) | H12: =IF($A12="","",'03_年度学习计划'!$O12) | I12: =IF($A12="","",'03_年度学习计划'!$P12) | J12: =IF($A12="","",'03_年度学习计划'!$Q12) | K12: =IF($A12="","",'03_年度学习计划'!$S12) | L12: =IF($A12="","","未开始")
A13: =IF('03_年度学习计划'!$A13="","",'03_年度学习计划'!$A13) | B13: =IF($A13="","",'03_年度学习计划'!$D13) | C13: =IF($A13="","",'03_年度学习计划'!$F13) | D13: =IF($A13="","",'03_年度学习计划'!$G13) | E13: =IF($A13="","",'03_年度学习计划'!$E13) | F13: =IF($A13="","",'03_年度学习计划'!$L13) | G13: =IF($A13="","",'03_年度学习计划'!$N13) | H13: =IF($A13="","",'03_年度学习计划'!$O13) | I13: =IF($A13="","",'03_年度学习计划'!$P13) | J13: =IF($A13="","",'03_年度学习计划'!$Q13) | K13: =IF($A13="","",'03_年度学习计划'!$S13) | L13: =IF($A13="","","未开始")
... A201: =IF('03_年度学习计划'!$A201="","",'03_年度学习计划'!$A201) | B201: =IF($A201="","",'03_年度学习计划'!$D201) | C201: =IF($A201="","",'03_年度学习计划'!$F201) | D201: =IF($A201="","",'03_年度学习计划'!$G201) | E201: =IF($A201="","",'03_年度学习计划'!$E201) | F201: =IF($A201="","",'03_年度学习计划'!$L201) | G201: =IF($A201="","",'03_年度学习计划'!$N201) | H201: =IF($A201="","",'03_年度学习计划'!$O201) | I201: =IF($A201="","",'03_年度学习计划'!$P201) | J201: =IF($A201="","",'03_年度学习计划'!$Q201) | K201: =IF($A201="","",'03_年度学习计划'!$S201) | L201: =IF($A201="","","未开始")

Sheet 05_月度复盘
A1: 月份 | B1: 计划项数 | C1: 已完成数 | D1: 完成率 | E1: 预计耗时(h) | F1: 实际耗时(h) | G1: 主要产出 | H1: 主要问题 | I1: 下月重点 | J1: 备注
A2: 第1月 | B2: =COUNTIFS('03_年度学习计划'!$C$2:$C$201,A2,'03_年度学习计划'!$D$2:$D$201,"<>") -> 0 | C2: =SUMPRODUCT(('03_年度学习计划'!$C$2:$C$201=A2)*('03_年度学习计划'!$D$2:$D$201<>"")*('04_学习执行跟踪'!$L$2:$L$201="已完成")) -> 0 | D2: =IFERROR(C2/B2,0) -> 0 | E2: =SUMIF('03_年度学习计划'!$C$2:$C$201,A2,'03_年度学习计划'!$O$2:$O$201) -> 0 | F2: =SUMPRODUCT(('03_年度学习计划'!$C$2:$C$201=A2)*('04_学习执行跟踪'!$O$2:$O$201)) -> 0
A3: 第2月 | B3: =COUNTIFS('03_年度学习计划'!$C$2:$C$201,A3,'03_年度学习计划'!$D$2:$D$201,"<>") -> 0 | C3: =SUMPRODUCT(('03_年度学习计划'!$C$2:$C$201=A3)*('03_年度学习计划'!$D$2:$D$201<>"")*('04_学习执行跟踪'!$L$2:$L$201="已完成")) -> 0 | D3: =IFERROR(C3/B3,0) -> 0 | E3: =SUMIF('03_年度学习计划'!$C$2:$C$201,A3,'03_年度学习计划'!$O$2:$O$201) -> 0 | F3: =SUMPRODUCT(('03_年度学习计划'!$C$2:$C$201=A3)*('04_学习执行跟踪'!$O$2:$O$201)) -> 0
A4: 第3月 | B4: =COUNTIFS('03_年度学习计划'!$C$2:$C$201,A4,'03_年度学习计划'!$D$2:$D$201,"<>") -> 0 | C4: =SUMPRODUCT(('03_年度学习计划'!$C$2:$C$201=A4)*('03_年度学习计划'!$D$2:$D$201<>"")*('04_学习执行跟踪'!$L$2:$L$201="已完成")) -> 0 | D4: =IFERROR(C4/B4,0) -> 0 | E4: =SUMIF('03_年度学习计划'!$C$2:$C$201,A4,'03_年度学习计划'!$O$2:$O$201) -> 0 | F4: =SUMPRODUCT(('03_年度学习计划'!$C$2:$C$201=A4)*('04_学习执行跟踪'!$O$2:$O$201)) -> 0
A5: 第4月 | B5: =COUNTIFS('03_年度学习计划'!$C$2:$C$201,A5,'03_年度学习计划'!$D$2:$D$201,"<>") -> 0 | C5: =SUMPRODUCT(('03_年度学习计划'!$C$2:$C$201=A5)*('03_年度学习计划'!$D$2:$D$201<>"")*('04_学习执行跟踪'!$L$2:$L$201="已完成")) -> 0 | D5: =IFERROR(C5/B5,0) -> 0 | E5: =SUMIF('03_年度学习计划'!$C$2:$C$201,A5,'03_年度学习计划'!$O$2:$O$201) -> 0 | F5: =SUMPRODUCT(('03_年度学习计划'!$C$2:$C$201=A5)*('04_学习执行跟踪'!$O$2:$O$201)) -> 0
A6: 第5月 | B6: =COUNTIFS('03_年度学习计划'!$C$2:$C$201,A6,'03_年度学习计划'!$D$2:$D$201,"<>") -> 0 | C6: =SUMPRODUCT(('03_年度学习计划'!$C$2:$C$201=A6)*('03_年度学习计划'!$D$2:$D$201<>"")*('04_学习执行跟踪'!$L$2:$L$201="已完成")) -> 0 | D6: =IFERROR(C6/B6,0) -> 0 | E6: =SUMIF('03_年度学习计划'!$C$2:$C$201,A6,'03_年度学习计划'!$O$2:$O$201) -> 0 | F6: =SUMPRODUCT(('03_年度学习计划'!$C$2:$C$201=A6)*('04_学习执行跟踪'!$O$2:$O$201)) -> 0
A7: 第6月 | B7: =COUNTIFS('03_年度学习计划'!$C$2:$C$201,A7,'03_年度学习计划'!$D$2:$D$201,"<>") -> 0 | C7: =SUMPRODUCT(('03_年度学习计划'!$C$2:$C$201=A7)*('03_年度学习计划'!$D$2:$D$201<>"")*('04_学习执行跟踪'!$L$2:$L$201="已完成")) -> 0 | D7: =IFERROR(C7/B7,0) -> 0 | E7: =SUMIF('03_年度学习计划'!$C$2:$C$201,A7,'03_年度学习计划'!$O$2:$O$201) -> 0 | F7: =SUMPRODUCT(('03_年度学习计划'!$C$2:$C$201=A7)*('04_学习执行跟踪'!$O$2:$O$201)) -> 0
A8: 第7月 | B8: =COUNTIFS('03_年度学习计划'!$C$2:$C$201,A8,'03_年度学习计划'!$D$2:$D$201,"<>") -> 0 | C8: =SUMPRODUCT(('03_年度学习计划'!$C$2:$C$201=A8)*('03_年度学习计划'!$D$2:$D$201<>"")*('04_学习执行跟踪'!$L$2:$L$201="已完成")) -> 0 | D8: =IFERROR(C8/B8,0) -> 0 | E8: =SUMIF('03_年度学习计划'!$C$2:$C$201,A8,'03_年度学习计划'!$O$2:$O$201) -> 0 | F8: =SUMPRODUCT(('03_年度学习计划'!$C$2:$C$201=A8)*('04_学习执行跟踪'!$O$2:$O$201)) -> 0
A9: 第8月 | B9: =COUNTIFS('03_年度学习计划'!$C$2:$C$201,A9,'03_年度学习计划'!$D$2:$D$201,"<>") -> 0 | C9: =SUMPRODUCT(('03_年度学习计划'!$C$2:$C$201=A9)*('03_年度学习计划'!$D$2:$D$201<>"")*('04_学习执行跟踪'!$L$2:$L$201="已完成")) -> 0 | D9: =IFERROR(C9/B9,0) -> 0 | E9: =SUMIF('03_年度学习计划'!$C$2:$C$201,A9,'03_年度学习计划'!$O$2:$O$201) -> 0 | F9: =SUMPRODUCT(('03_年度学习计划'!$C$2:$C$201=A9)*('04_学习执行跟踪'!$O$2:$O$201)) -> 0
A10: 第9月 | B10: =COUNTIFS('03_年度学习计划'!$C$2:$C$201,A10,'03_年度学习计划'!$D$2:$D$201,"<>") -> 0 | C10: =SUMPRODUCT(('03_年度学习计划'!$C$2:$C$201=A10)*('03_年度学习计划'!$D$2:$D$201<>"")*('04_学习执行跟踪'!$L$2:$L$201="已完成")) -> 0 | D10: =IFERROR(C10/B10,0) -> 0 | E10: =SUMIF('03_年度学习计划'!$C$2:$C$201,A10,'03_年度学习计划'!$O$2:$O$201) -> 0 | F10: =SUMPRODUCT(('03_年度学习计划'!$C$2:$C$201=A10)*('04_学习执行跟踪'!$O$2:$O$201)) -> 0
A11: 第10月 | B11: =COUNTIFS('03_年度学习计划'!$C$2:$C$201,A11,'03_年度学习计划'!$D$2:$D$201,"<>") -> 0 | C11: =SUMPRODUCT(('03_年度学习计划'!$C$2:$C$201=A11)*('03_年度学习计划'!$D$2:$D$201<>"")*('04_学习执行跟踪'!$L$2:$L$201="已完成")) -> 0 | D11: =IFERROR(C11/B11,0) -> 0 | E11: =SUMIF('03_年度学习计划'!$C$2:$C$201,A11,'03_年度学习计划'!$O$2:$O$201) -> 0 | F11: =SUMPRODUCT(('03_年度学习计划'!$C$2:$C$201=A11)*('04_学习执行跟踪'!$O$2:$O$201)) -> 0
A12: 第11月 | B12: =COUNTIFS('03_年度学习计划'!$C$2:$C$201,A12,'03_年度学习计划'!$D$2:$D$201,"<>") -> 0 | C12: =SUMPRODUCT(('03_年度学习计划'!$C$2:$C$201=A12)*('03_年度学习计划'!$D$2:$D$201<>"")*('04_学习执行跟踪'!$L$2:$L$201="已完成")) -> 0 | D12: =IFERROR(C12/B12,0) -> 0 | E12: =SUMIF('03_年度学习计划'!$C$2:$C$201,A12,'03_年度学习计划'!$O$2:$O$201) -> 0 | F12: =SUMPRODUCT(('03_年度学习计划'!$C$2:$C$201=A12)*('04_学习执行跟踪'!$O$2:$O$201)) -> 0
A13: 第12月 | B13: =COUNTIFS('03_年度学习计划'!$C$2:$C$201,A13,'03_年度学习计划'!$D$2:$D$201,"<>") -> 0 | C13: =SUMPRODUCT(('03_年度学习计划'!$C$2:$C$201=A13)*('03_年度学习计划'!$D$2:$D$201<>"")*('04_学习执行跟踪'!$L$2:$L$201="已完成")) -> 0 | D13: =IFERROR(C13/B13,0) -> 0 | E13: =SUMIF('03_年度学习计划'!$C$2:$C$201,A13,'03_年度学习计划'!$O$2:$O$201) -> 0 | F13: =SUMPRODUCT(('03_年度学习计划'!$C$2:$C$201=A13)*('04_学习执行跟踪'!$O$2:$O$201)) -> 0

Sheet 06_学习材料索引
A1: 材料编码 | B1: 材料名称 | C1: 材料类型 | D1: 材料来源 / 附件名 | E1: 用途说明 | F1: 材料状态
A2: P01-M001 | B2: 产品体系材料 | C2: 产品/项目材料 | D2: TDC、TDH、ArgoDB、TDS 产品介绍、官网资料、项目方案、大赛材料 | E2: 用于理解 TDC、TDH、ArgoDB、TDS 产品定位、能力边界、产品组合关系和典型客户场景；支撑产品体系认知、选型判断和方案表达。 | F2: 已提供附件 / 官网与项目材料，建议定期更新
A3: P01-M002 | B3: TDH 部署 / 运维材料 | C3: 部署/运维手册 | D3: TDH 部署手册、TDH 安装部署大赛材料、TDH 运维手册 | E3: 用于 TDH 环境检查、标准部署、组件验证、Manager 使用、HDFS / YARN / ZK / Kafka 等组件认知和基础运维训练。 | F3: 已提供附件
A4: P01-M003 | B4: TDC 部署 / 租户材料 | C4: 部署/租户材料 | D4: TDC 部署手册、TDC 安装部署大赛材料、TDC 租户与产品部署运维材料 | E4: 用于 TDC 标准部署、租户配置、产品纳管、资源隔离、应用上架和多租户平台能力训练。 | F4: 已提供附件
A5: P01-M004 | B5: ArgoDB 材料 | C5: 产品使用/性能材料 | D5: ArgoDB 快速入门、ArgoDB 6.1 新功能材料 | E5: 用于 ArgoDB 安装连接、建库建表、分区分桶、批量 / 实时写入、SQL 优化、实时湖仓和性能验证训练。 | F5: 已提供附件
A6: P01-M005 | B6: TDS 数据开发材料 | C6: 数据开发材料 | D6: TDS 数据开发快速入门、TDS 推广介绍 | E6: 用于 TDS 数据源配置、数据同步、SQLBook、Workflow、Transporter、脱敏任务和数据开发流程训练。 | F6: 已提供附件
A7: P01-M006 | B7: TDS 数据治理材料 | C7: 数据治理材料 | D7: TDS 数据治理快速入门 | E7: 用于 TDS 数据治理能力训练，包括元数据、血缘、数据标准、质量规则、落标检查、分类分级和治理任务运维。 | F7: 已提供附件
A8: P01-M007 | B8: 数仓 / 湖仓材料 | C8: 建模/湖仓材料 | D8: TDC 大赛湖仓方案、ArgoDB 实时湖仓材料、TDS 建模章节 | E8: 用于数仓 / 湖仓建模、ODS/DWD/DWS/ADS 分层、T+0/T+1 数据流转、湖仓一体和数据共享方案训练。 | F8: 已提供附件
A9: P01-M008 | B9: 数据集成与实时同步材料 | C9: 数据集成/POC材料 | D9: 南京医药实时同步工具 POC、TDS Transporter、CDC / DDL / 一致性验证材料 | E9: 用于批量同步、增量同步、CDC、DDL 变更、数据一致性校验和实时同步 POC 验证训练。 | F9: 已提供附件
A10: P01-M009 | B10: 资源规划 / 性能 / 稳定性材料 | C10: 性能/稳定性材料 | D10: TDH / TDC 部署手册、大赛验证报告、ArgoDB 性能材料 | E10: 用于资源规划、容量估算、性能验证、扩缩容、高可用、巡检、压测和稳定性基础训练。 | F10: 已提供附件
A11: P01-M010 | B11: 数据安全 / 权限 / 合规材料 | C11: 安全/权限材料 | D11: TDS 权限、分类分级、脱敏、TDC 租户隔离、TDH Kerberos / Guardian 等材料 | E11: 用于账号角色、租户隔离、库表权限、分类分级、脱敏、审计、数据共享审批和合规检查训练。 | F11: 已提供附件
A12: P01-M011 | B12: Data Infra 项目案例 / POC / 复盘材料 | C12: 项目案例/复盘材料 | D12: 内部项目方案、POC 材料、客户案例、项目复盘、问题处理案例 | E12: 用于支撑 Data Infra 场景适配、方案验证、经验沉淀和高阶方法论输出；建议按项目沉淀方案、验证过程、问题清单和复盘结论。 | F12: 内部待补 / 项目沉淀
... A96: C03-M013 | B96: 内部待补：问题复盘与 FAQ 模板 | C96: 内部模板 | D96: 内部待补 | E96: 用于沉淀问题现象、原因、处理步骤、预防措施、相关材料和责任边界。 | F96: 建议由团队维护

Sheet 07_填表字典
A1: 掌握度 | B1: 含义 | C1: 职级参考 | D1: 说明 | F1: 优先级 | H1: 是否纳入计划 | J1: 计划季度 | L1: 月份 | N1: 完成状态
A2: 0 | B2: 未接触 / 不具备可验证输出 | C2: - | F2: 高 | H2: 是 | J2: Q1 | L2: 第1月 | N2: 未开始
A3: 1 | B3: 了解概念，需要他人指导或协助 | C3: 入门 | F3: 中 | H3: 否 | J3: Q2 | L3: 第2月 | N3: 进行中
A4: 2 | B4: 标准场景可独立执行，有基础实操输出 | C4: P4 | F4: 低 | J4: Q3 | L4: 第3月 | N4: 已完成
A5: 3 | B5: 能处理常见问题，能闭环基础异常 | C5: P5 | F5: 暂缓 | J5: Q4 | L5: 第4月 | N5: 延期
A6: 4 | B6: 能设计方案、组织实施并处理复杂场景 | C6: P6 | L6: 第5月 | N6: 暂停
A7: 5 | B7: 能主导复杂项目，沉淀规范、模板和方法论 | C7: P7-P8 | L7: 第6月 | N7: 取消
L8: 第7月
L9: 第8月
L10: 第9月
L11: 第10月
L12: 第11月
L13: 第12月
